/*
 Navicat Premium Data Transfer
 Source Server         : mamp
 Source Server Type    : MySQL
 Source Server Version : 50638
 Source Host           : 127.0.0.1:8889
 Source Schema         : qlbh
 Target Server Type    : MySQL
 Target Server Version : 50638
 File Encoding         : 65001
 Date: 23/08/2018 18:56:44
*/

SET NAMES utf8mb4;
SET FOREIGN_KEY_CHECKS = 0;

-- ----------------------------
-- Table structure for categories
-- ----------------------------
DROP TABLE IF EXISTS `categories`;
CREATE TABLE `categories` (
                              `CatID` int(11) unsigned NOT NULL AUTO_INCREMENT,
                              `CatName` varchar(50) COLLATE utf8_general_ci NOT NULL,
                              PRIMARY KEY (`CatID`)
) ENGINE=MyISAM AUTO_INCREMENT=22 DEFAULT CHARSET=utf8 COLLATE=utf8_general_ci;

-- ----------------------------
-- Records of categories
-- ----------------------------
BEGIN;
INSERT INTO `categories` VALUES (1, 'TOPS');
INSERT INTO `categories` VALUES (2, 'BOTTOMS');
INSERT INTO `categories` VALUES (3, 'OUTERWEAR');
INSERT INTO `categories` VALUES (4, 'FOOTWEAR');
INSERT INTO `categories` VALUES (5, 'HAT');
INSERT INTO `categories` VALUES (6, 'BAGS');
COMMIT;
-- ----------------------------
-- Table structure for products
-- ----------------------------
DROP TABLE IF EXISTS`users`;
CREATE TABLE `users` (
                         `UserID` int(11) NOT NULL AUTO_INCREMENT,
                         `username` varchar(50) COLLATE utf8_general_ci NOT NULL,
                         `password` varchar(255) COLLATE utf8_general_ci NOT NULL,
                         `name` varchar(50) COLLATE utf8_general_ci NOT NULL,
                         `email` varchar(50) COLLATE utf8_general_ci NOT NULL,
                         `dob` date NOT NULL,
                         `permission` int(11) NOT NULL,
                         PRIMARY KEY (`UserID`)
) ENGINE=MyISAM DEFAULT CHARSET=utf8 COLLATE=utf8_general_ci;
SET FOREIGN_KEY_CHECKS = 1;


DROP TABLE IF EXISTS `orders`;
CREATE TABLE `orders` (
                          `OrderID` int(11) unsigned NOT NULL AUTO_INCREMENT,
                          `OrderDate` datetime NOT NULL,
                          `UserID` int(11) NOT NULL,
                          `ProID` int(11) NOT NULL,
                          `SizeID` varchar(8) COLLATE utf8_general_ci NOT NULL,
                          `Amount` int(11) NOT NULL,
                          `Total` bigint(20) NOT NULL,
                          PRIMARY KEY (`OrderID`)
) ENGINE=MyISAM DEFAULT CHARSET=utf8 COLLATE=utf8_general_ci;
BEGIN;
INSERT INTO orders (OrderID, OrderDate, UserID, ProID, SizeID, Amount, Total) VALUES (1, '2022-01-30 09:10:01', 1, 31, '6oKDZsTJ', 1, 250000);
INSERT INTO orders (OrderID, OrderDate, UserID, ProID, SizeID, Amount, Total) VALUES (2, '2022-01-30 09:10:01', 1, 32, 'ofWlggVH', 1, 360000);
INSERT INTO orders (OrderID, OrderDate, UserID, ProID, SizeID, Amount, Total) VALUES (3, '2022-01-30 09:10:01', 1, 33, 'apjUvMqz', 1, 230000);
INSERT INTO orders (OrderID, OrderDate, UserID, ProID, SizeID, Amount, Total) VALUES (4, '2022-01-30 09:10:01', 1, 34, 'tMrH1GpQ', 1, 270000);
INSERT INTO orders (OrderID, OrderDate, UserID, ProID, SizeID, Amount, Total) VALUES (5, '2022-01-30 09:10:01', 1, 35, '7cMFlMK0', 1, 180000);
INSERT INTO orders (OrderID, OrderDate, UserID, ProID, SizeID, Amount, Total) VALUES (6, '2022-01-30 09:10:01', 1, 36, 'RGepHRcW', 1, 300000);
COMMIT;

DROP TABLE IF EXISTS `products`;
CREATE TABLE `products` (
                            `ProID` int(11) unsigned NOT NULL AUTO_INCREMENT,
                            `ProName` varchar(50) COLLATE utf8_general_ci NOT NULL,
                            `Price` int(11) NOT NULL,
                            `SizeS` varchar(20) DEFAULT NULL,
                            `SizeM` varchar(20) DEFAULT NULL,
                            `SizeL` varchar(20) DEFAULT NULL,
                            `SizeXL` varchar(20) DEFAULT NULL,
                            `FullDes` text COLLATE utf8_general_ci NOT NULL,
                            `CatID` int(11) NOT NULL,
                            `Quantity` int(11) NOT NULL,
                            `Arrival` datetime  NOT NULL,
                            `Image` longtext ,
                            PRIMARY KEY (`ProID`)
) ENGINE=MyISAM AUTO_INCREMENT=31 DEFAULT CHARSET=utf8 COLLATE=utf8_general_ci;

BEGIN;
INSERT INTO products (ProID, ProName, Price, SizeS, SizeM, SizeL, SizeXL, FullDes, CatID, Quantity, Arrival, Image) VALUES (1, 'ALPHABETIC SHIRT', 250000, '6oKDZsTJ', 'RfHf5UDB', '7ThxNdM0', 'IDdfOZnW', '<p>Họa tiết bảng chữ cái được thiết kế bất quy tắc trên nền áo sơ mi. Hiệu ứng chuyển màu cũng là một điểm ấn tượng của sản phẩm.</p><p>Chất liệu: Silk</p><p>Sản phẩm được&nbsp;vận chuyển từ 2-3 ngày.<br>Thiết kế và sản xuất bởi Hades Studio.</p><hr><p><strong>HADES™&nbsp;&nbsp;</strong>✦<strong>&nbsp;&nbsp;</strong>STREETWEAR BRAND LIMITED&nbsp;&nbsp;✦<br>Copyright © 2021 Hades. All rights reserved.</p><p>&nbsp;</p><p>&nbsp;</p><p>&nbsp;</p><p>&nbsp;</p><p>&nbsp;</p>', 1, 100, '2021-11-27 00:00:00', '/public/imgs/1/1/(1).jpg');
INSERT INTO products (ProID, ProName, Price, SizeS, SizeM, SizeL, SizeXL, FullDes, CatID, Quantity, Arrival, Image) VALUES (2, 'AMERICAN DREAM TEE', 360000, 'ofWlggVH', 'f6dOkVB2', 'gKPfGyud', 'C68XyPN8', '<p>Các biểu tượng đầy quen thuộc được cách điệu và xử lý bằng chất liệu cực trendy. Chiếc tee đen huyền thoại chẳng cần bàn thêm về khả năng mix&amp;match, linh hoạt trong phối đồ</p><p>Chất liệu: Cotton 2 chiều 100% - In lụa</p><p>Sản phẩm được vận chuyển từ 2-3 ngày.<br>Thiết kế và sản xuất bởi Hades Studio.</p><hr><p><strong>HADES™&nbsp;&nbsp;</strong><span style="color:#999999; font-size:10pt">✦<strong>&nbsp;&nbsp;</strong></span><span style="color:#999999; font-size:10pt">STREETWEAR BRAND LIMITED&nbsp;&nbsp;✦</span><br><span style="color:#999999; font-size:9pt">Copyright © 2021 Hades. All rights reserved.</span></p>', 1, 100, '2021-01-28 00:00:00', '/public/imgs/1/2/(1).jpg');
INSERT INTO products (ProID, ProName, Price, SizeS, SizeM, SizeL, SizeXL, FullDes, CatID, Quantity, Arrival, Image) VALUES (3, 'ANGEL TEE', 230000, 'apjUvMqz', 'umbfuhVu', 'ubDsNpwz', 'A3JpE7tO', '<p>Chất liệu: Cotton 2 chiều 100%, in lụa</p><p>Sản phẩm được&nbsp;vận chuyển từ 2-3 ngày.<br>Thiết kế và sản xuất bởi Hades Studio.</p><hr><p><strong>HADES™&nbsp;&nbsp;</strong>✦<strong>&nbsp;&nbsp;</strong>STREETWEAR BRAND LIMITED&nbsp;&nbsp;✦<br>Copyright © 2021 Hades. All rights reserved.</p><p>&nbsp;</p><p>&nbsp;</p><p>&nbsp;</p><p>&nbsp;</p><p>&nbsp;</p>', 1, 100, '2021-01-28 00:00:00', '/public/imgs/1/3/(1).jpg');
INSERT INTO products (ProID, ProName, Price, SizeS, SizeM, SizeL, SizeXL, FullDes, CatID, Quantity, Arrival, Image) VALUES (4, 'BLACKCORDUROY TEE', 270000, 'tMrH1GpQ', 'phjt6WSD', 'MIwLMbqZ', '6wiFG4w5', '<p>Chất liệu: Nhung tăm</p><p>Sản phẩm được vận chuyển từ 2-3 ngày.<br>Thiết kế và sản xuất bởi Hades Studio.</p><hr><p><strong>HADES™&nbsp;&nbsp;</strong><span style="color:#999999; font-size:10pt">✦<strong>&nbsp;&nbsp;</strong></span><span style="color:#999999; font-size:10pt">STREETWEAR BRAND LIMITED&nbsp;&nbsp;✦</span><br><span style="color:#999999; font-size:9pt">Copyright © 2021 Hades. All rights reserved.</span></p><div id="eJOY__extension_root" style="all: unset;" class="eJOY__extension_root_class">&nbsp;</div><div id="gtx-anchor" style="position: absolute; visibility: hidden; left: 8px; top: 13px; width: 226.766px; height: 17px;">&nbsp;</div><div style="visibility: visible; left: 107px; top: 40px; opacity: 1;" class="jfk-bubble gtx-bubble"><div id="bubble-2" class="jfk-bubble-content-id"><div id="gtx-host" style="min-width: 200px; max-width: 400px;">&nbsp;</div></div><div class="jfk-bubble-closebtn-id jfk-bubble-closebtn">&nbsp;</div><div style="left: 113.5px;" class="jfk-bubble-arrow-id jfk-bubble-arrow jfk-bubble-arrowup"><div class="jfk-bubble-arrowimplbefore">&nbsp;</div><div class="jfk-bubble-arrowimplafter">&nbsp;</div></div></div>', 1, 100, '2021-01-28 00:00:00', '/public/imgs/1/4/(1).jpg');
INSERT INTO products (ProID, ProName, Price, SizeS, SizeM, SizeL, SizeXL, FullDes, CatID, Quantity, Arrival, Image) VALUES (5, 'BLACKJACK 21 TEE', 180000, '7cMFlMK0', 'YLAoqS6i', 'bGDmUDBE', '3B8QGyiL', '<p>Chất liệu: Cotton 2 chiều 100%, in lụa</p><p>Sản phẩm được&nbsp;vận chuyển từ 2-3 ngày.<br>Thiết kế và sản xuất bởi Hades Studio.</p><hr><p><strong>HADES™&nbsp;&nbsp;</strong>✦<strong>&nbsp;&nbsp;</strong>STREETWEAR BRAND LIMITED&nbsp;&nbsp;✦<br>Copyright © 2021 Hades. All rights reserved.</p><p>&nbsp;</p><p>&nbsp;</p><p>&nbsp;</p><p>&nbsp;</p><p>&nbsp;</p>', 1, 100, '2021-01-28 00:00:00', '/public/imgs/1/5/(1).jpg');
INSERT INTO products (ProID, ProName, Price, SizeS, SizeM, SizeL, SizeXL, FullDes, CatID, Quantity, Arrival, Image) VALUES (6, 'CAR IN FLAME TEE', 300000, 'RGepHRcW', '2W9Ry8SS', 'QUe6KSX5', 'UbL9Cm9N', '<p>Sử dụng kĩ thuật in lụa tràn thân khổ lớn graphic xe hơi và lửa mang đậm dấu ấn của Hades, mang đến sự tỉ mỉ đến từng chi tiết của sản phẩm áo thun.</p><p>Chất liệu: Cotton 2 chiều 100%, in lụa</p><p>Sản phẩm được&nbsp;vận chuyển từ 2-3 ngày.<br>Thiết kế và sản xuất bởi Hades Studio.</p><hr><p><strong>HADES™&nbsp;&nbsp;</strong>✦<strong>&nbsp;&nbsp;</strong>STREETWEAR BRAND LIMITED&nbsp;&nbsp;✦<br>Copyright © 2021 Hades. All rights reserved.</p><p>&nbsp;</p><p>&nbsp;</p><p>&nbsp;</p><p>&nbsp;</p><p>&nbsp;</p><div id="eJOY__extension_root" style="all: unset;" class="eJOY__extension_root_class">&nbsp;</div>', 1, 100, '2022-01-14 00:00:00', '/public/imgs/1/6/(1).jpg');
INSERT INTO products (ProID, ProName, Price, SizeS, SizeM, SizeL, SizeXL, FullDes, CatID, Quantity, Arrival, Image) VALUES (7, 'CHESS PUPPET TEE', 380000, 'z4jTYpZq', 'DglyaK0D', 'v00zTEdG', 'WxvZpsDq', '<p>Sản phẩm thuộc season SPRING22 mang tính ứng dụng cao, vô cùng phù hợp để "ready-to-wear" xuống phố.&nbsp;</p><p>&nbsp;</p><p>Sản phẩm được vận chuyển từ 2-3 ngày.&nbsp;</p><p>&nbsp;</p><p>Thiết kế và sản xuất bởi Hades Studio.</p><hr><p><strong>HADES™&nbsp;&nbsp;</strong><span style="font-size:10px"><span style="color:#999999">✦<strong>&nbsp;&nbsp;</strong>STREETWEAR BRAND LIMITED&nbsp;&nbsp;✦</span></span><br><span style="color:#999999; font-size:9pt">Copyright © 2021 Hades. All rights reserved.</span></p>', 1, 100, '2022-01-28 00:00:00', '/public/imgs/1/7/(1).jpg');
INSERT INTO products (ProID, ProName, Price, SizeS, SizeM, SizeL, SizeXL, FullDes, CatID, Quantity, Arrival, Image) VALUES (8, 'CREATIVITY TEE', 360000, '9Rb0nsB5', '7goaCR5Q', 'G7rui3iy', 'UTOWfzbF', '<p>Thiết kế raglan đặc biệt với 2 phối màu xám/đen dễ dàng kết hợp với nhiều items khác.</p><p>Chất liệu: Cotton 2&nbsp;chiều - In lụa</p><p>Sản phẩm được vận chuyển từ 2-3 ngày.<br>Thiết kế và sản xuất bởi Hades Studio.</p><hr><p><strong>HADES™&nbsp;&nbsp;</strong><span style="color:#999999; font-size:10pt">✦<strong>&nbsp;&nbsp;</strong></span><span style="color:#999999; font-size:10pt">STREETWEAR BRAND LIMITED&nbsp;&nbsp;✦</span><br><span style="color:#999999; font-size:9pt">Copyright © 2021 Hades. All rights reserved.</span></p>', 1, 100, '2021-01-28 00:00:00', '/public/imgs/1/8/(1).jpg');
INSERT INTO products (ProID, ProName, Price, SizeS, SizeM, SizeL, SizeXL, FullDes, CatID, Quantity, Arrival, Image) VALUES (9, 'CUPID SHIRT', 210000, 'yZ3jtuyI', '37bdh6X6', 'rhenugfv', 'None', '<p>Chất liệu: Silk</p><p>Sản phẩm được&nbsp;vận chuyển từ 2-3 ngày.<br>Thiết kế và sản xuất bởi Hades Studio.</p><hr><p><strong>HADES™&nbsp;&nbsp;</strong>✦<strong>&nbsp;&nbsp;</strong>STREETWEAR BRAND LIMITED&nbsp;&nbsp;✦<br>Copyright © 2021 Hades. All rights reserved.</p><p>&nbsp;</p><p>&nbsp;</p><p>&nbsp;</p><p>&nbsp;</p><p>&nbsp;</p>', 1, 100, '2021-01-28 00:00:00', '/public/imgs/1/9/(1).jpg');
INSERT INTO products (ProID, ProName, Price, SizeS, SizeM, SizeL, SizeXL, FullDes, CatID, Quantity, Arrival, Image) VALUES (10, 'DRUG EXPERIMENT SHIRT', 250000, 'aKoc5mQH', 'kHWqxgn6', 'GOH1e6Wz', 'EmMsSkQT', '<p>Sử dụng kĩ thuật in lụa tràn thân khổ lớn cùng graphic độc đáo mang đến làn gió mới cho sản phẩm áo sơ mi của Hades.</p><p><span>Chất liệu: Silk</span></p><p>Sản phẩm được&nbsp;vận chuyển từ 2-3 ngày.<br>Thiết kế và sản xuất bởi Hades Studio.</p><hr><p><strong>HADES<span>™&nbsp;&nbsp;</span></strong><span style="color:#999999; font-size:10pt">✦<strong>&nbsp;&nbsp;</strong></span><span><span style="color:#999999; font-size:10pt">STREETWEAR BRAND LIMITED&nbsp;&nbsp;✦</span><br><span style="color:#999999; font-size:9pt">Copyright © 2021 Hades. All rights reserved.</span></span></p><div id="eJOY__extension_root" style="all: unset;" class="eJOY__extension_root_class">&nbsp;</div><div id="gtx-anchor" style="position: absolute; visibility: hidden; left: 8px; top: 13px; width: 226.766px; height: 17px;">&nbsp;</div><div style="visibility: visible; left: 107px; top: 40px; opacity: 1;" class="jfk-bubble gtx-bubble"><div id="bubble-2" class="jfk-bubble-content-id"><div id="gtx-host" style="min-width: 200px; max-width: 400px;">&nbsp;</div></div><div class="jfk-bubble-closebtn-id jfk-bubble-closebtn">&nbsp;</div><div style="left: 113.5px;" class="jfk-bubble-arrow-id jfk-bubble-arrow jfk-bubble-arrowup"><div class="jfk-bubble-arrowimplbefore">&nbsp;</div><div class="jfk-bubble-arrowimplafter">&nbsp;</div></div></div>', 1, 100, '2022-01-28 00:00:00', '/public/imgs/1/10/(1).jpg');
INSERT INTO products (ProID, ProName, Price, SizeS, SizeM, SizeL, SizeXL, FullDes, CatID, Quantity, Arrival, Image) VALUES (11, 'EMOJI LONG SLEEVE', 390000, 'f50yHVvv', 'M62BeHDy', '2RUKapS3', 'None', '<p>Thiết kế với hình in các biểu tượng cảm xúc độc đáo trên chiếc áo tay dài, dành cho những bạn thích thể hiện cá tính của bản thân.</p><p>Chất liệu: Cotton 2 chiều 100%</p><p>Sản phẩm được vận chuyển từ 2-3 ngày.<br>Thiết kế và sản xuất bởi Hades Studio.</p><hr><p><strong>HADES™&nbsp;&nbsp;</strong><span style="color:#999999; font-size:10pt">✦<strong>&nbsp;&nbsp;</strong></span><span style="color:#999999; font-size:10pt">STREETWEAR BRAND LIMITED&nbsp;&nbsp;✦</span><br><span style="color:#999999; font-size:9pt">Copyright © 2021 Hades. All rights reserved.</span></p>', 1, 100, '2021-01-28 00:00:00', '/public/imgs/1/11/(1).jpg');
INSERT INTO products (ProID, ProName, Price, SizeS, SizeM, SizeL, SizeXL, FullDes, CatID, Quantity, Arrival, Image) VALUES (12, 'EMOJI TEE', 340000, 'ZjCBFNn4', 'Ahr8tGG0', 'drDG5DqA', 'qJEpEHXH', '<p>Thiết kế với hình in các biểu tượng cảm xúc độc đáo cho những bạn thích thể hiện cá tính của bản thân.</p><p>Chất liệu: Cotton 2 chiều 100%, in lụa</p><p>Sản phẩm được vận chuyển từ 2-3 ngày.<br>Thiết kế và sản xuất bởi Hades Studio.</p><hr><p><strong>HADES™&nbsp;&nbsp;</strong>✦<strong>&nbsp;&nbsp;</strong>STREETWEAR BRAND LIMITED&nbsp;&nbsp;✦<br>Copyright © 2021 Hades. All rights reserved.</p><div style="visibility: visible; left: 107px; top: 40px; opacity: 1;" class="jfk-bubble gtx-bubble"><div style="left: 113.5px;" class="jfk-bubble-arrow-id jfk-bubble-arrow jfk-bubble-arrowup"><div class="jfk-bubble-arrowimplafter">&nbsp;</div></div></div>', 1, 100, '2021-01-28 00:00:00', '/public/imgs/1/12/(1).jpg');
INSERT INTO products (ProID, ProName, Price, SizeS, SizeM, SizeL, SizeXL, FullDes, CatID, Quantity, Arrival, Image) VALUES (13, 'ESSENTIAL LONG SLEEVE', 360000, 'kG4ge4ye', 'y7BU89Ou', 'hDKqriOz', 'None', '<p>Sản phẩm thuộc dòng Essential, với tên brand Hades được in lụa chi tiết, đơn giản nhưng vẫn luôn giữ được tinh thần của brand.</p><p>Chất liệu: Cotton 2 chiều 100%</p><p>Sản phẩm được vận chuyển từ 2-3 ngày.<br>Thiết kế và sản xuất bởi Hades Studio.</p><hr><p><strong>HADES™&nbsp;&nbsp;</strong><span style="color:#999999; font-size:10pt">✦<strong>&nbsp;&nbsp;</strong></span><span style="color:#999999; font-size:10pt">STREETWEAR BRAND LIMITED&nbsp;&nbsp;✦</span><br><span style="color:#999999; font-size:9pt">Copyright © 2021 Hades. All rights reserved.</span></p>', 1, 100, '2021-01-28 00:00:00', '/public/imgs/1/13/(1).jpg');
INSERT INTO products (ProID, ProName, Price, SizeS, SizeM, SizeL, SizeXL, FullDes, CatID, Quantity, Arrival, Image) VALUES (14, 'FAITH TEE', 270000, 'wsZ5Mptr', 'd1g8DVbj', 'El9lHuqb', 'ZCIPuoG5', '<p>Thiết kế hình in đơn giản logo signature cho các bạn không muốn quá nổi bật nhưng vẫn đặc biệt chú trọng vào chi tiết, chất liệu và kiểu dáng.</p><p>Chất liệu: Cotton 2 chiều 100%, in lụa</p><p>Sản phẩm được vận chuyển từ 2-3 ngày.<br>Thiết kế và sản xuất bởi Hades Studio.</p><hr><p><strong>HADES™&nbsp;&nbsp;</strong>✦<strong>&nbsp;&nbsp;</strong>STREETWEAR BRAND LIMITED&nbsp;&nbsp;✦<br>Copyright © 2021 Hades. All rights reserved.</p><div style="visibility: visible; left: 107px; top: 40px; opacity: 1;" class="jfk-bubble gtx-bubble"><div style="left: 113.5px;" class="jfk-bubble-arrow-id jfk-bubble-arrow jfk-bubble-arrowup"><div class="jfk-bubble-arrowimplafter">&nbsp;</div></div></div>', 1, 100, '2021-01-28 00:00:00', '/public/imgs/1/14/(1).jpg');
INSERT INTO products (ProID, ProName, Price, SizeS, SizeM, SizeL, SizeXL, FullDes, CatID, Quantity, Arrival, Image) VALUES (15, 'FLAME GRADIENT TEE', 270000, 'QTMm0Tli', 'ul2oKjFw', 'kkXV6VpF', 'lx1b8wpI', '<p>Với hình in lửa nổi bật ở thân áo và tên brand Hades được cách điêu tạo nên một tổng thể liền lạc. Hiệu ứng chuyển màu cũng là một điểm nhấn nhá của sản phẩm.</p><p>Chất liệu: Cotton 2 chiều 100%, in lụa</p><p>Sản phẩm được vận chuyển từ 2-3 ngày.<br>Thiết kế và sản xuất bởi Hades Studio.</p><hr><p><strong>HADES™&nbsp;&nbsp;</strong><span style="color:#999999; font-size:10pt">✦<strong>&nbsp;&nbsp;</strong></span><span style="color:#999999; font-size:10pt">STREETWEAR BRAND LIMITED&nbsp;&nbsp;✦</span><br><span style="color:#999999; font-size:9pt">Copyright © 2021 Hades. All rights reserved.</span></p><div style="visibility: visible; left: 107px; top: 40px; opacity: 1;" class="jfk-bubble gtx-bubble"><div style="left: 113.5px;" class="jfk-bubble-arrow-id jfk-bubble-arrow jfk-bubble-arrowup"><div class="jfk-bubble-arrowimplafter">&nbsp;</div></div></div>', 1, 100, '2022-01-14 00:00:00', '/public/imgs/1/15/(1).jpg');
INSERT INTO products (ProID, ProName, Price, SizeS, SizeM, SizeL, SizeXL, FullDes, CatID, Quantity, Arrival, Image) VALUES (16, 'FOOTBALL FANATIC T-SHIRT', 250000, '7OKByf1m', 'iiEczVqd', '3BtWDAaZ', 'obpN4nOu', '<p>Ý tưởng lần này mang thiết kế áo bóng đá đặc trưng trên nền vải thun lạnh thoáng mát nhưng vẫn giữ được phong cách streetwear riêng biệt.</p><p>Chất liệu: Poly silk</p><p>Sản phẩm được vận chuyển từ 2-3 ngày.<br>Thiết kế và sản xuất bởi Hades Studio.</p><hr><p><strong>HADES™&nbsp;&nbsp;</strong><span style="color:#999999; font-size:10pt">✦<strong>&nbsp;&nbsp;</strong></span><span style="color:#999999; font-size:10pt">STREETWEAR BRAND LIMITED&nbsp;&nbsp;✦</span><br><span style="color:#999999; font-size:9pt">Copyright © 2021 Hades. All rights reserved.</span></p><div id="eJOY__extension_root" style="all: unset;" class="eJOY__extension_root_class">&nbsp;</div><div id="gtx-anchor" style="position: absolute; visibility: hidden; left: 8px; top: 13px; width: 226.766px; height: 17px;">&nbsp;</div><div style="visibility: visible; left: 107px; top: 40px; opacity: 1;" class="jfk-bubble gtx-bubble"><div id="bubble-2" class="jfk-bubble-content-id"><div id="gtx-host" style="min-width: 200px; max-width: 400px;">&nbsp;</div></div><div class="jfk-bubble-closebtn-id jfk-bubble-closebtn">&nbsp;</div><div style="left: 113.5px;" class="jfk-bubble-arrow-id jfk-bubble-arrow jfk-bubble-arrowup"><div class="jfk-bubble-arrowimplbefore">&nbsp;</div><div class="jfk-bubble-arrowimplafter">&nbsp;</div></div></div>', 1, 100, '2021-12-28 00:00:00', '/public/imgs/1/16/(1).jpg');
INSERT INTO products (ProID, ProName, Price, SizeS, SizeM, SizeL, SizeXL, FullDes, CatID, Quantity, Arrival, Image) VALUES (17, 'FORTUNE TEE', 280000, 'zR8U9NFS', '0OxDljDC', '4Lg5FAD5', 'KtmmneHN', '<p>Chất liệu: Cotton 2 chiều 100%, in lụa</p><p>Sản phẩm được&nbsp;vận chuyển từ 2-3 ngày.<br>Thiết kế và sản xuất bởi Hades Studio.</p><hr><p><strong>HADES™&nbsp;&nbsp;</strong>✦<strong>&nbsp;&nbsp;</strong>STREETWEAR BRAND LIMITED&nbsp;&nbsp;✦<br>Copyright © 2021 Hades. All rights reserved.</p><p>&nbsp;</p><p>&nbsp;</p><p>&nbsp;</p><p>&nbsp;</p><p>&nbsp;</p>', 1, 100, '2021-01-28 00:00:00', '/public/imgs/1/17/(1).jpg');
INSERT INTO products (ProID, ProName, Price, SizeS, SizeM, SizeL, SizeXL, FullDes, CatID, Quantity, Arrival, Image) VALUES (18, 'GANGSTA TEE', 340000, '8ykVuLRs', 'qW7HNSZ2', 'rawIdpNh', 'yelOXBCB', '<p>Ý tưởng thiết kế lần này được bắt nguồn từ hình tượng gangster nổi tiếng trên thế giới đã được Hades biến hóa thành một phong cách đường phố rất riêng biệt.</p><p>Chất liệu: Cotton 2 chiều 100%, in lụa</p><p>Sản phẩm được vận chuyển từ 2-3 ngày.<br>Thiết kế và sản xuất bởi Hades Studio.</p><hr><p><strong>HADES™&nbsp;&nbsp;</strong><span style="color:#999999; font-size:10pt">✦<strong>&nbsp;&nbsp;</strong></span><span style="color:#999999; font-size:10pt">STREETWEAR BRAND LIMITED&nbsp;&nbsp;✦</span><br><span style="color:#999999; font-size:9pt">Copyright © 2021 Hades. All rights reserved.</span></p>', 1, 100, '2021-01-28 00:00:00', '/public/imgs/1/18/(1).jpg');
INSERT INTO products (ProID, ProName, Price, SizeS, SizeM, SizeL, SizeXL, FullDes, CatID, Quantity, Arrival, Image) VALUES (19, 'GO WILD N FUN TEE', 250000, 'mkzfgMHP', 'hTdscGOr', 'Hd91htdX', '4o2w8lcB', '<p>Chất liệu: Cotton 2 chiều 100%, in lụa<br>Thiết kế và sản xuất bởi Hades Studio.</p><hr><p><strong>HADES™&nbsp;&nbsp;</strong>✦<strong>&nbsp;&nbsp;</strong>STREETWEAR BRAND LIMITED&nbsp;&nbsp;✦<br>Copyright © 2021 Hades. All rights reserved.</p><p>&nbsp;</p><p>&nbsp;</p><p>&nbsp;</p><p>&nbsp;</p><p>&nbsp;</p>', 1, 100, '2021-01-28 00:00:00', '/public/imgs/1/19/(1).jpg');
INSERT INTO products (ProID, ProName, Price, SizeS, SizeM, SizeL, SizeXL, FullDes, CatID, Quantity, Arrival, Image) VALUES (20, 'GOOD VIBE POLO', 430000, '2hXKI929', 'x3t9GqgT', 'SZqVBPZo', 'ErIQEBeI', '<p>Với mong muốn lan tỏa "good vibe" cho năm mới, sản phẩm được may với thun cá sấu thoáng mát, form áo thoải mái và graphic hơi hướng đường phố độc đáo.<br>&nbsp;</p><p>Chất liệu: Cotton 2&nbsp;chiều - In lụa<br>&nbsp;</p><p>Sản phẩm được vận chuyển từ 2-3 ngày.<br>Thiết kế và sản xuất bởi Hades Studio.</p><hr><p><strong>HADES™&nbsp;&nbsp;</strong><span style="color:#999999; font-size:10pt">✦<strong>&nbsp;&nbsp;</strong></span><span style="color:#999999; font-size:10pt">STREETWEAR BRAND LIMITED&nbsp;&nbsp;✦</span><br><span style="color:#999999; font-size:9pt">Copyright © 2021 Hades. All rights reserved.</span></p>', 1, 100, '2021-01-28 00:00:00', '/public/imgs/1/20/(1).jpg');
INSERT INTO products (ProID, ProName, Price, SizeS, SizeM, SizeL, SizeXL, FullDes, CatID, Quantity, Arrival, Image) VALUES (21, 'GREEN COBWEB TEE', 380000, 'ncAewg8J', 'FH9I49aq', 'YgM7H0Ci', 'UEh7KFlT', '<p>Sản phẩm thuộc season SPRING22 mang tính ứng dụng cao, vô cùng phù hợp để "ready-to-wear" xuống phố.&nbsp;</p><p>&nbsp;</p><p>Sản phẩm được vận chuyển từ 2-3 ngày.&nbsp;</p><p>&nbsp;</p><p>Thiết kế và sản xuất bởi Hades Studio.</p><hr><p><strong>HADES™&nbsp;&nbsp;</strong><span style="font-size:10px"><span style="color:#999999">✦<strong>&nbsp;&nbsp;</strong>STREETWEAR BRAND LIMITED&nbsp;&nbsp;✦</span></span><br><span style="color:#999999; font-size:9pt">Copyright © 2021 Hades. All rights reserved.</span></p>', 1, 100, '2021-01-28 00:00:00', '/public/imgs/1/21/(1).jpg');
INSERT INTO products (ProID, ProName, Price, SizeS, SizeM, SizeL, SizeXL, FullDes, CatID, Quantity, Arrival, Image) VALUES (22, 'HADES BASIC TANKTOP', 260000, 'None', 'None', 'None', 'None', '<p>Được thiết kế với form áo freesize (dưới 55kg) vô cùng thoải mái và tôn dáng. Ngoài ra, áo còn cực kỳ dễ kết hợp với nhiều items cũng như phong cách khác nhau.</p><p>&nbsp;</p><p>Chất liệu: Thun Gân Mịn - In lụa</p><p>&nbsp;</p><p>Sản phẩm được vận chuyển từ 2-3 ngày.<br>Thiết kế và sản xuất bởi Hades Studio.</p><hr><p><strong>HADES™&nbsp;&nbsp;</strong><span style="color:#999999; font-size:10pt">✦<strong>&nbsp;&nbsp;</strong></span><span style="color:#999999; font-size:10pt">STREETWEAR BRAND LIMITED&nbsp;&nbsp;✦</span><br><span style="color:#999999; font-size:9pt">Copyright © 2021 Hades. All rights reserved.</span></p>', 1, 100, '2021-01-28 00:00:00', '/public/imgs/1/22/(1).jpg');
INSERT INTO products (ProID, ProName, Price, SizeS, SizeM, SizeL, SizeXL, FullDes, CatID, Quantity, Arrival, Image) VALUES (23, 'HADES BASIC WASHED TEE', 400000, '5tQ91MKd', 'q17OV7Ls', 'go1wwalJ', 'uPKO5vJG', '<p>Sản phẩm thuộc dòng Essential của Hades, với logo thương hiệu được thêu nổi trên nền vải wash, đơn giản nhưng vẫn luôn giữ được tinh thần của brand.</p><p>Chất liệu: Cotton 2 chiều 100%, thêu.</p><p>Sản phẩm được vận chuyển từ 2-3 ngày.<br>Thiết kế và sản xuất bởi Hades Studio.</p><hr><p><strong>HADES™&nbsp;&nbsp;</strong>✦<strong>&nbsp;&nbsp;</strong>STREETWEAR BRAND LIMITED&nbsp;&nbsp;✦<br>Copyright © 2021 Hades. All rights reserved.</p><p>&nbsp;</p><p>&nbsp;</p><p>&nbsp;</p><p>&nbsp;</p><p>&nbsp;</p><div style="visibility: visible; left: 107px; top: 40px; opacity: 1;" class="jfk-bubble gtx-bubble"><div style="left: 113.5px;" class="jfk-bubble-arrow-id jfk-bubble-arrow jfk-bubble-arrowup"><div class="jfk-bubble-arrowimplafter">&nbsp;</div></div></div>', 1, 100, '2021-01-28 00:00:00', '/public/imgs/1/23/(1).jpg');
INSERT INTO products (ProID, ProName, Price, SizeS, SizeM, SizeL, SizeXL, FullDes, CatID, Quantity, Arrival, Image) VALUES (24, 'HADES BASIC WHITE TEE', 360000, 'YUUJRttI', 'vweNszQc', 'mrmMrV88', '8CSrHXef', '<p>Sản phẩm thuộc dòng Essential của Hades, với logo thương hiệu được thêu nổi, đơn giản nhưng vẫn luôn giữ được tinh thần của brand.</p><p>Chất liệu: Cotton 2 chiều 100%, thêu.</p><p>Sản phẩm được vận chuyển từ 2-3 ngày.<br>Thiết kế và sản xuất bởi Hades Studio.</p><hr><p><strong>HADES™&nbsp;&nbsp;</strong>✦<strong>&nbsp;&nbsp;</strong>STREETWEAR BRAND LIMITED&nbsp;&nbsp;✦<br>Copyright © 2021 Hades. All rights reserved.</p><p>&nbsp;</p><p>&nbsp;</p><p>&nbsp;</p><p>&nbsp;</p><p>&nbsp;</p><div style="visibility: visible; left: 107px; top: 40px; opacity: 1;" class="jfk-bubble gtx-bubble"><div style="left: 113.5px;" class="jfk-bubble-arrow-id jfk-bubble-arrow jfk-bubble-arrowup"><div class="jfk-bubble-arrowimplafter">&nbsp;</div></div></div>', 1, 100, '2021-01-28 00:00:00', '/public/imgs/1/24/(1).jpg');
INSERT INTO products (ProID, ProName, Price, SizeS, SizeM, SizeL, SizeXL, FullDes, CatID, Quantity, Arrival, Image) VALUES (25, 'HADES / NEW BALANCE LONGSLEEVE', 410000, 'LSxMAWWZ', 'YXlUDEoZ', 'si5sWHT9', 'None', '<p>Sản phẩm thuộc dòng Essential, với tên brand Hades được thêu xù tỉ mỉ từng đường nét, đơn giản nhưng vẫn luôn giữ được tinh thần của brand.</p><p>Chất liệu: Cotton 2 chiều 100%</p><p>Sản phẩm được vận chuyển từ 2-3 ngày.<br>Thiết kế và sản xuất bởi Hades Studio.</p><hr><p><strong>HADES™&nbsp;&nbsp;</strong><span style="color:#999999; font-size:10pt">✦<strong>&nbsp;&nbsp;</strong></span><span style="color:#999999; font-size:10pt">STREETWEAR BRAND LIMITED&nbsp;&nbsp;✦</span><br><span style="color:#999999; font-size:9pt">Copyright © 2021 Hades. All rights reserved.</span></p>', 1, 100, '2021-01-28 00:00:00', '/public/imgs/1/25/(1).jpg');
INSERT INTO products (ProID, ProName, Price, SizeS, SizeM, SizeL, SizeXL, FullDes, CatID, Quantity, Arrival, Image) VALUES (26, 'HADES SIGNATURE OVERSHIRT', 500000, 'b2ahXbbW', 'D9gm5TTR', 'sddiLDw7', 'None', '<p>Thời thượng nhưng lại vô cùng dễ ứng dụng, Signature Set với chất liệu cotton chân cua sẽ là sự lựa chọn hoàn hảo trong thời tiết giao mùa.</p><p>Chất liệu: Cotton chân cua, thêu.</p><p>Sản phẩm được vận chuyển từ 2-3 ngày.<br>Thiết kế và sản xuất bởi Hades Studio.</p><hr><p><strong>HADES™&nbsp;&nbsp;</strong><span style="color:#999999; font-size:10pt">✦<strong>&nbsp;&nbsp;</strong></span><span style="color:#999999; font-size:10pt">STREETWEAR BRAND LIMITED&nbsp;&nbsp;✦</span><br><span style="color:#999999; font-size:9pt">Copyright © 2021 Hades. All rights reserved.</span></p>', 1, 100, '2021-01-28 00:00:00', '/public/imgs/1/26/(1).jpg');
INSERT INTO products (ProID, ProName, Price, SizeS, SizeM, SizeL, SizeXL, FullDes, CatID, Quantity, Arrival, Image) VALUES (27, 'HANOI BLACK TEE', 270000, 'XrqRTEGl', '3SgGSf5a', 'FH3PXdxs', 'JyVdpZ9n', '<p>&nbsp;</p><p>Nằm trong series các địa danh nổi tiếng, chiếc áo lấy cảm hứng từ những hình ảnh đặc trưng của thủ đô Hà Nội và được thiết kế lại theo phong cách của Hades.</p><p>Chất liệu: Cotton 2 chiều 100%, in lụa</p><p>Sản phẩm được vận chuyển từ 2-3 ngày.<br>Thiết kế và sản xuất bởi Hades Studio.</p><hr><p><strong>HADES™&nbsp;&nbsp;</strong>✦<strong>&nbsp;&nbsp;</strong>STREETWEAR BRAND LIMITED&nbsp;&nbsp;✦<br>Copyright © 2021 Hades. All rights reserved.</p><div style="visibility: visible; left: 107px; top: 40px; opacity: 1;" class="jfk-bubble gtx-bubble"><div style="left: 113.5px;" class="jfk-bubble-arrow-id jfk-bubble-arrow jfk-bubble-arrowup"><div class="jfk-bubble-arrowimplafter">&nbsp;</div></div></div>', 1, 100, '2021-01-28 00:00:00', '/public/imgs/1/27/(1).jpg');
INSERT INTO products (ProID, ProName, Price, SizeS, SizeM, SizeL, SizeXL, FullDes, CatID, Quantity, Arrival, Image) VALUES (28, 'HANOI SPIRIT WASH TEE', 300000, 'LqgCTgGr', 'jv0i6cF4', 'b3wEAuRS', 'SnKmg1c8', '<p>Nằm trong series các địa danh nổi tiếng, chiếc áo lấy cảm hứng từ những hình ảnh đặc trưng của thủ đô Hà Nội và được thiết kế lại theo phong cách của Hades trên nền vải wash.</p><p>Chất liệu: Cotton 2 chiều 100%, in lụa</p><p>Sản phẩm được vận chuyển từ 2-3 ngày.<br>Thiết kế và sản xuất bởi Hades Studio.</p><hr><p><strong>HADES™&nbsp;&nbsp;</strong><span style="color:#999999; font-size:10pt">✦<strong>&nbsp;&nbsp;</strong></span><span style="color:#999999; font-size:10pt">STREETWEAR BRAND LIMITED&nbsp;&nbsp;✦</span><br><span style="color:#999999; font-size:9pt">Copyright © 2021 Hades. All rights reserved.</span></p><div style="visibility: visible; left: 107px; top: 40px; opacity: 1;" class="jfk-bubble gtx-bubble"><div style="left: 113.5px;" class="jfk-bubble-arrow-id jfk-bubble-arrow jfk-bubble-arrowup"><div class="jfk-bubble-arrowimplafter">&nbsp;</div></div></div>', 1, 100, '2021-01-28 00:00:00', '/public/imgs/1/28/(1).jpg');
INSERT INTO products (ProID, ProName, Price, SizeS, SizeM, SizeL, SizeXL, FullDes, CatID, Quantity, Arrival, Image) VALUES (29, 'HELL ON WHEELS TEE', 450000, '51OvQoDI', 'xbXRDOBZ', 'Arg54VVI', '147dbhol', '<p>Sản phẩm thuộc season SPRING22 mang tính ứng dụng cao, vô cùng phù hợp để "ready-to-wear" xuống phố.&nbsp;</p><p>&nbsp;</p><p>Sản phẩm được vận chuyển từ 2-3 ngày.&nbsp;</p><p>&nbsp;</p><p>Thiết kế và sản xuất bởi Hades Studio.</p><hr><p><strong>HADES™&nbsp;&nbsp;</strong><span style="font-size:10px"><span style="color:#999999">✦<strong>&nbsp;&nbsp;</strong>STREETWEAR BRAND LIMITED&nbsp;&nbsp;✦</span></span><br><span style="color:#999999; font-size:9pt">Copyright © 2021 Hades. All rights reserved.</span></p>', 1, 100, '2021-01-28 00:00:00', '/public/imgs/1/29/(1).jpg');
INSERT INTO products (ProID, ProName, Price, SizeS, SizeM, SizeL, SizeXL, FullDes, CatID, Quantity, Arrival, Image) VALUES (30, 'HOCKEY LONG SLEEVE', 580000, 'YXCNlthU', 'kTMnvbZY', 'Kj9PfSJt', 'None', '<p>Lấy cảm hứng từ môn thể thao đậm chất Âu Mỹ, Hockey Longsleeve là một sự lựa chọn mới lạ để "refresh" tủ đồ của bạn.&nbsp;</p><p>&nbsp;</p><p>Chất liệu: Nỉ Chân Cua&nbsp;- In lụa<br>&nbsp;</p><p>&nbsp;</p><p>Sản phẩm được vận chuyển từ 2-3 ngày.<br>Thiết kế và sản xuất bởi Hades Studio.</p><hr><p><strong>HADES™&nbsp;&nbsp;</strong><span style="color:#999999; font-size:10pt">✦<strong>&nbsp;&nbsp;</strong></span><span style="color:#999999; font-size:10pt">STREETWEAR BRAND LIMITED&nbsp;&nbsp;✦</span><br><span style="color:#999999; font-size:9pt">Copyright © 2021 Hades. All rights reserved.</span></p>', 1, 100, '2021-01-28 00:00:00', '/public/imgs/1/30/(1).jpg');
INSERT INTO products (ProID, ProName, Price, SizeS, SizeM, SizeL, SizeXL, FullDes, CatID, Quantity, Arrival, Image) VALUES (31, 'HORIZONTAL STRIPES TEE', 360000, 'X5UDNG2n', '6xm5uLTs', '61pY2AUt', '2o2WJgzK', '<p>Điểm nhấn đơn giản nhưng ấn tượng với họa tiết sọc ngang to bán kết hợp cùng “bảng hiệu” Hades signature ngay giữa ngực.</p><p>&nbsp;</p><p>Chất liệu: Cotton 2&nbsp;chiều - In lụa</p><p>&nbsp;</p><p>Sản phẩm được vận chuyển từ 2-3 ngày.<br>Thiết kế và sản xuất bởi Hades Studio.</p><hr><p><strong>HADES™&nbsp;&nbsp;</strong><span style="color:#999999; font-size:10pt">✦<strong>&nbsp;&nbsp;</strong></span><span style="color:#999999; font-size:10pt">STREETWEAR BRAND LIMITED&nbsp;&nbsp;✦</span><br><span style="color:#999999; font-size:9pt">Copyright © 2021 Hades. All rights reserved.</span></p>', 1, 100, '2021-01-28 00:00:00', '/public/imgs/1/31/(1).jpg');
INSERT INTO products (ProID, ProName, Price, SizeS, SizeM, SizeL, SizeXL, FullDes, CatID, Quantity, Arrival, Image) VALUES (32, 'ICONIC POLO', 250000, 'J49KudjP', 'DfUZ9cHT', 'S5yJ94Qk', 'piUDzKSX', '<p>Chất liệu: Thun cá sấu</p><p>Sản phẩm được&nbsp;vận chuyển từ 2-3 ngày.<br>Thiết kế và sản xuất bởi Hades Studio.</p><hr><p><strong>HADES™&nbsp;&nbsp;</strong>✦<strong>&nbsp;&nbsp;</strong>STREETWEAR BRAND LIMITED&nbsp;&nbsp;✦<br>Copyright © 2021 Hades. All rights reserved.</p><p>&nbsp;</p><p>&nbsp;</p><p>&nbsp;</p><p>&nbsp;</p><p>&nbsp;</p>', 1, 100, '2021-01-28 00:00:00', '/public/imgs/1/32/(1).jpg');
INSERT INTO products (ProID, ProName, Price, SizeS, SizeM, SizeL, SizeXL, FullDes, CatID, Quantity, Arrival, Image) VALUES (33, 'INTERNATIONAL TEE', 380000, '490fIryL', 'F5Wj4YbY', 'q9TqmfH2', 'tAx1807Z', '<p>Sản phẩm thuộc season SPRING22 mang tính ứng dụng cao, vô cùng phù hợp để "ready-to-wear" xuống phố.&nbsp;</p><p>&nbsp;</p><p>Sản phẩm được vận chuyển từ 2-3 ngày.&nbsp;</p><p>&nbsp;</p><p>Thiết kế và sản xuất bởi Hades Studio.</p><hr><p><strong>HADES™&nbsp;&nbsp;</strong><span style="font-size:10px"><span style="color:#999999">✦<strong>&nbsp;&nbsp;</strong>STREETWEAR BRAND LIMITED&nbsp;&nbsp;✦</span></span><br><span style="color:#999999; font-size:9pt">Copyright © 2021 Hades. All rights reserved.</span></p>', 1, 100, '2021-01-28 00:00:00', '/public/imgs/1/33/(1).jpg');
INSERT INTO products (ProID, ProName, Price, SizeS, SizeM, SizeL, SizeXL, FullDes, CatID, Quantity, Arrival, Image) VALUES (34, 'INVASION TEE', 240000, 'HBcfwlzB', 'exLkHpwc', 'nVrFxB7o', '9yc0eQYd', '<p>Chất liệu: Cotton 2 chiều 100%, in lụa</p><p>Sản phẩm được&nbsp;vận chuyển từ 2-3 ngày.<br>Thiết kế và sản xuất bởi Hades Studio.</p><hr><p><strong>HADES™&nbsp;&nbsp;</strong>✦<strong>&nbsp;&nbsp;</strong>STREETWEAR BRAND LIMITED&nbsp;&nbsp;✦<br>Copyright © 2021 Hades. All rights reserved.</p><p>&nbsp;</p><p>&nbsp;</p><p>&nbsp;</p><p>&nbsp;</p><p>&nbsp;</p>', 1, 100, '2021-01-28 00:00:00', '/public/imgs/1/34/(1).jpg');
INSERT INTO products (ProID, ProName, Price, SizeS, SizeM, SizeL, SizeXL, FullDes, CatID, Quantity, Arrival, Image) VALUES (35, 'LOGO PACK GREEN SHIRT', 380000, 'nW2JG1Y7', 'eReI73QE', 'VNjlWUCx', '19XPMavu', '<p>Sản phẩm có điểm nhấn là logo pack độc quyền phía trước ngực và sự kết hợp giữa sơ mi và polo khiến chiếc áo trở nên khác biệt với các sản phẩm trước đây.</p><p>Chất liệu: Thun cá sấu</p><p>Sản phẩm được vận chuyển từ 2-3 ngày.<br>Thiết kế và sản xuất bởi Hades Studio.</p><hr><p><strong>HADES™&nbsp;&nbsp;</strong><span style="color:#999999; font-size:10pt">✦<strong>&nbsp;&nbsp;</strong></span><span style="color:#999999; font-size:10pt">STREETWEAR BRAND LIMITED&nbsp;&nbsp;✦</span><br><span style="color:#999999; font-size:9pt">Copyright © 2021 Hades. All rights reserved.</span></p>', 1, 100, '2021-01-28 00:00:00', '/public/imgs/1/35/(1).jpg');
INSERT INTO products (ProID, ProName, Price, SizeS, SizeM, SizeL, SizeXL, FullDes, CatID, Quantity, Arrival, Image) VALUES (36, 'MASCOT EMBROIDERY TEE', 250000, 'NCM42AT7', 'HJCyTwL5', 'V82yET5p', 'oiDTWY2H', '<p>Sản phẩm được Hades chăm chút cẩn thận, đặc biệt là Mascot Sói được thêu vô cùng chi tiết.</p><p>Chất liệu: Cotton 2 chiều 100%</p><p>Sản phẩm được&nbsp;vận chuyển từ 2-3 ngày.<br>Thiết kế và sản xuất bởi Hades Studio.</p><hr><p><strong>HADES™&nbsp;&nbsp;</strong>✦<strong>&nbsp;&nbsp;</strong>STREETWEAR BRAND LIMITED&nbsp;&nbsp;✦<br>Copyright © 2021 Hades. All rights reserved.</p><p>&nbsp;</p><p>&nbsp;</p><p>&nbsp;</p><p>&nbsp;</p><p>&nbsp;</p><div id="eJOY__extension_root" style="all: unset;" class="eJOY__extension_root_class">&nbsp;</div>', 1, 100, '2021-01-28 00:00:00', '/public/imgs/1/36/(1).jpg');
INSERT INTO products (ProID, ProName, Price, SizeS, SizeM, SizeL, SizeXL, FullDes, CatID, Quantity, Arrival, Image) VALUES (37, 'MONO WASH TEE', 400000, 'oujvD8ZZ', 'tch9F2uU', 'sadFmO5e', 'aHzmANYZ', '<p>Chất liệu: Cotton 2 chiều 100%, in lụa</p><p>Sản phẩm được&nbsp;vận chuyển từ 2-3 ngày.<br>Thiết kế và sản xuất bởi Hades Studio.</p><hr><p><strong>HADES™&nbsp;&nbsp;</strong>✦<strong>&nbsp;&nbsp;</strong>STREETWEAR BRAND LIMITED&nbsp;&nbsp;✦<br>Copyright © 2021 Hades. All rights reserved.</p><p>&nbsp;</p><p>&nbsp;</p><p>&nbsp;</p>', 1, 100, '2021-01-28 00:00:00', '/public/imgs/1/37/(1).jpg');
INSERT INTO products (ProID, ProName, Price, SizeS, SizeM, SizeL, SizeXL, FullDes, CatID, Quantity, Arrival, Image) VALUES (38, 'NIGHTMARE TEE', 380000, 'EhrtXa3X', 'XRMTdvda', 'TSDY840T', 'OlOqzuq1', '<p>Phiên bản Tee lần này được Hades sử dụng kỹ thuật may nổi hoạ tiết áo mang cảm giác mới mẻ pha lẫn chút nghịch ngợm</p><p>Chất liệu: Cotton 2 chiều 100% - Thêu nổi</p><p>Sản phẩm được vận chuyển từ 2-3 ngày.<br>Thiết kế và sản xuất bởi Hades Studio.</p><hr><p><strong>HADES™&nbsp;&nbsp;</strong><span style="color:#999999; font-size:10pt">✦<strong>&nbsp;&nbsp;</strong></span><span style="color:#999999; font-size:10pt">STREETWEAR BRAND LIMITED&nbsp;&nbsp;✦</span><br><span style="color:#999999; font-size:9pt">Copyright © 2021 Hades. All rights reserved.</span></p>', 1, 100, '2021-01-28 00:00:00', '/public/imgs/1/38/(1).jpg');
INSERT INTO products (ProID, ProName, Price, SizeS, SizeM, SizeL, SizeXL, FullDes, CatID, Quantity, Arrival, Image) VALUES (39, 'NONSENSE BLACK TEE', 180000, 'MV2EPXhx', 'BL5KZ1Ep', 'lBf2522t', 'wB5Lsk5O', '<p>Chất liệu: Cotton 2 chiều 100%, in lụa</p><p>Sản phẩm được&nbsp;vận chuyển từ 2-3 ngày.<br>Thiết kế và sản xuất bởi Hades Studio.</p><hr><p><strong>HADES™&nbsp;&nbsp;</strong>✦<strong>&nbsp;&nbsp;</strong>STREETWEAR BRAND LIMITED&nbsp;&nbsp;✦<br>Copyright © 2021 Hades. All rights reserved.</p><p>&nbsp;</p><p>&nbsp;</p><p>&nbsp;</p><p>&nbsp;</p><p>&nbsp;</p>', 1, 100, '2021-01-28 00:00:00', '/public/imgs/1/39/(1).jpg');
INSERT INTO products (ProID, ProName, Price, SizeS, SizeM, SizeL, SizeXL, FullDes, CatID, Quantity, Arrival, Image) VALUES (40, 'REASSEMBLE TEE', 450000, 'b3y97hrZ', 'oZQo9n91', '5yf9hAR0', '0rVvzdXa', '<p>Sản phẩm thuộc season SPRING22 mang tính ứng dụng cao, vô cùng phù hợp để "ready-to-wear" xuống phố.&nbsp;</p><p>&nbsp;</p><p>Sản phẩm được vận chuyển từ 2-3 ngày.&nbsp;</p><p>&nbsp;</p><p>Thiết kế và sản xuất bởi Hades Studio.</p><hr><p><strong>HADES™&nbsp;&nbsp;</strong><span style="font-size:10px"><span style="color:#999999">✦<strong>&nbsp;&nbsp;</strong>STREETWEAR BRAND LIMITED&nbsp;&nbsp;✦</span></span><br><span style="color:#999999; font-size:9pt">Copyright © 2021 Hades. All rights reserved.</span></p>', 1, 100, '2021-01-28 00:00:00', '/public/imgs/1/40/(1).jpg');
INSERT INTO products (ProID, ProName, Price, SizeS, SizeM, SizeL, SizeXL, FullDes, CatID, Quantity, Arrival, Image) VALUES (41, 'RETRO LOFI POLO', 380000, 'yp31BzU1', '5jQjVGUS', 'kOfTmGV0', 'OsTh29ll', '<p>Phiên bản polo mới nhất tập trung vào thiết kế mang đậm màu sắc retro kết hợp vibe Lofi cực trendy.</p><p>Chất liệu:Thun cá sấu 100%&nbsp;Cotton 4 chiều - In lụa</p><p>Sản phẩm được vận chuyển từ 2-3 ngày.<br>Thiết kế và sản xuất bởi Hades Studio.</p><hr><p><strong>HADES™&nbsp;&nbsp;</strong><span style="color:#999999; font-size:10pt">✦<strong>&nbsp;&nbsp;</strong></span><span style="color:#999999; font-size:10pt">STREETWEAR BRAND LIMITED&nbsp;&nbsp;✦</span><br><span style="color:#999999; font-size:9pt">Copyright © 2021 Hades. All rights reserved.</span></p>', 1, 100, '2021-01-28 00:00:00', '/public/imgs/1/41/(1).jpg');
INSERT INTO products (ProID, ProName, Price, SizeS, SizeM, SizeL, SizeXL, FullDes, CatID, Quantity, Arrival, Image) VALUES (42, 'SAIGON VINTAGE TEE', 360000, 'xNoGXPkB', 'leu68x32', 'cjcjwviV', 'mbHh2P7j', '<p>Kiến trúc Sài Gòn nổi bật trên nền áo trắng mang nét cổ điển nhưng cũng không kém phần bụi bặm, cá tính.</p><p>Chất liệu: Cotton 2&nbsp;chiều - In lụa</p><p>Sản phẩm được vận chuyển từ 2-3 ngày.<br>Thiết kế và sản xuất bởi Hades Studio.</p><hr><p><strong>HADES™&nbsp;&nbsp;</strong><span style="color:#999999; font-size:10pt">✦<strong>&nbsp;&nbsp;</strong></span><span style="color:#999999; font-size:10pt">STREETWEAR BRAND LIMITED&nbsp;&nbsp;✦</span><br><span style="color:#999999; font-size:9pt">Copyright © 2021 Hades. All rights reserved.</span></p>', 1, 100, '2021-01-28 00:00:00', '/public/imgs/1/42/(1).jpg');
INSERT INTO products (ProID, ProName, Price, SizeS, SizeM, SizeL, SizeXL, FullDes, CatID, Quantity, Arrival, Image) VALUES (43, 'SAIGON VINTAGE WASH TEE', 400000, '6kJSOyda', 'GmNZdEcN', 'iQ7E70WA', '0rFNNux3', '<p>Phiên bản wash màu lạ kết hợp với kiến trúc Sài Gòn mang lại chút cổ điển pha lẫn sự phá cách.</p>&nbsp;<p>Chất liệu: Cotton 2&nbsp;chiều - In lụa<br>&nbsp;</p><p>Sản phẩm được vận chuyển từ 2-3 ngày<br><br><br>Thiết kế và sản xuất bởi Hades Studio.</p>&nbsp;<hr><p><strong>HADES™&nbsp;&nbsp;</strong><span style="color:#999999; font-size:10pt">✦<strong>&nbsp;&nbsp;</strong></span><span style="color:#999999; font-size:10pt">STREETWEAR BRAND LIMITED&nbsp;&nbsp;✦</span><br><span style="color:#999999; font-size:9pt">Copyright © 2021 Hades. All rights reserved.</span></p>', 1, 100, '2021-01-28 00:00:00', '/public/imgs/1/43/(1).jpg');
INSERT INTO products (ProID, ProName, Price, SizeS, SizeM, SizeL, SizeXL, FullDes, CatID, Quantity, Arrival, Image) VALUES (44, 'SKULL TEE', 270000, 'zKH8UH4V', 'CQkLRkqu', 'ncnFnumP', 'ueMmWMpR', '<p>Chất liệu: Cotton 2 chiều 100%, in lụa</p><p>Sản phẩm được&nbsp;vận chuyển từ 2-3 ngày.<br>Thiết kế và sản xuất bởi Hades Studio.</p><hr><p><strong>HADES™&nbsp;&nbsp;</strong>✦<strong>&nbsp;&nbsp;</strong>STREETWEAR BRAND LIMITED&nbsp;&nbsp;✦<br>Copyright © 2021 Hades. All rights reserved.</p><p>&nbsp;</p><p>&nbsp;</p><p>&nbsp;</p><p>&nbsp;</p><p>&nbsp;</p>', 1, 100, '2021-01-28 00:00:00', '/public/imgs/1/44/(1).jpg');
INSERT INTO products (ProID, ProName, Price, SizeS, SizeM, SizeL, SizeXL, FullDes, CatID, Quantity, Arrival, Image) VALUES (45, 'SKULL WOLF BLACK TEE', 300000, 'TMoBUvUa', 'cRpZ6qHL', '5r9BdJ5h', 'hijYMGhJ', '<p>Vẫn giữ phong cách thiết kế mang đậm màu sắc đương đại, hình in đặc biệt với phần graphic Skull Wolf nổi bật trên bề mặt vải.</p><p>Chất liệu: Cotton 2 chiều 100%, in lụa</p><p>Sản phẩm được&nbsp;vận chuyển từ 2-3 ngày.<br>Thiết kế và sản xuất bởi Hades Studio.</p><hr><p><strong>HADES™&nbsp;&nbsp;</strong>✦<strong>&nbsp;&nbsp;</strong>STREETWEAR BRAND LIMITED&nbsp;&nbsp;✦<br>Copyright © 2021 Hades. All rights reserved.</p><p>&nbsp;</p><p>&nbsp;</p><p>&nbsp;</p><p>&nbsp;</p><p>&nbsp;</p>', 1, 100, '2021-01-28 00:00:00', '/public/imgs/1/45/(1).jpg');
INSERT INTO products (ProID, ProName, Price, SizeS, SizeM, SizeL, SizeXL, FullDes, CatID, Quantity, Arrival, Image) VALUES (46, 'SKULL WOLF WASH TEE', 340000, 'dkdiq4kq', '472bwiJ3', 'rLGrAbGa', 'RegsOrvp', '<p>Vẫn giữ phong cách thiết kế mang đậm màu sắc đương đại, hình in đặc biệt với phần graphic Skull Wolf nổi bật trên bề mặt vải wash.</p><p>Chất liệu: Cotton 2 chiều 100%, in lụa</p><p>Sản phẩm được&nbsp;vận chuyển từ 2-3 ngày.<br>Thiết kế và sản xuất bởi Hades Studio.</p><hr><p><strong>HADES™&nbsp;&nbsp;</strong>✦<strong>&nbsp;&nbsp;</strong>STREETWEAR BRAND LIMITED&nbsp;&nbsp;✦<br>Copyright © 2021 Hades. All rights reserved.</p><p>&nbsp;</p><p>&nbsp;</p><p>&nbsp;</p><p>&nbsp;</p><p>&nbsp;</p>', 1, 100, '2021-01-28 00:00:00', '/public/imgs/1/46/(1).jpg');
INSERT INTO products (ProID, ProName, Price, SizeS, SizeM, SizeL, SizeXL, FullDes, CatID, Quantity, Arrival, Image) VALUES (47, 'SNAKE TIEDYE TEE', 300000, 'VjWOzYrC', 'ZQ3KfUyq', 'zAMWN6AX', 'qfeEfGWE', '<p>Chất liệu: Cotton 2 chiều 100%, in lụa</p><p>Sản phẩm được&nbsp;vận chuyển từ 2-3 ngày.<br>Thiết kế và sản xuất bởi Hades Studio.</p><hr><p><strong>HADES™&nbsp;&nbsp;</strong>✦<strong>&nbsp;&nbsp;</strong>STREETWEAR BRAND LIMITED&nbsp;&nbsp;✦<br>Copyright © 2021 Hades. All rights reserved.</p><p>&nbsp;</p><p>&nbsp;</p><p>&nbsp;</p>', 1, 100, '2021-01-28 00:00:00', '/public/imgs/1/1/(1).jpg');
INSERT INTO products (ProID, ProName, Price, SizeS, SizeM, SizeL, SizeXL, FullDes, CatID, Quantity, Arrival, Image) VALUES (48, 'SOLITUDE TEE', 340000, '9iJK7wqP', 'VMDPjJhW', 'c2jAGIA5', 'Goo3kN22', '<p>Với thiết kế label cách điệu ngay giữa áo, Solitude không chỉ đơn thuần là chiếc áo thun cá tính, mà còn mang lẫn tinh thần đầy phóng khoáng và tự do.<br>&nbsp;</p><p>Chất liệu: Cotton 2 chiều 100%&nbsp;- In lụa<br>&nbsp;</p><p>Sản phẩm được vận chuyển từ 2-3 ngày.</p><p><br>Thiết kế và sản xuất bởi Hades Studio.</p><hr><p><strong>HADES™&nbsp;&nbsp;</strong><span style="font-size:10px"><span style="color:#999999">✦<strong>&nbsp;&nbsp;</strong>STREETWEAR BRAND LIMITED&nbsp;&nbsp;✦</span></span><br><span style="color:#999999; font-size:9pt">Copyright © 2021 Hades. All rights reserved.</span></p>', 1, 100, '2021-01-28 00:00:00', '/public/imgs/1/2/(1).jpg');
INSERT INTO products (ProID, ProName, Price, SizeS, SizeM, SizeL, SizeXL, FullDes, CatID, Quantity, Arrival, Image) VALUES (49, 'THUNDER BOLT TEE', 360000, 'ERdAQEzz', 'lOmwIW62', 'TAHbHFkE', 'UhQVFdXU', '<p>Phong cách thiết kế Graphic vẫn mang đậm màu sắc tương lai và đương đại, hình in sấm chớp cách điệu với phần họa tiết nổi bật trên bề mặt vải</p><p>Chất liệu: Cotton 2&nbsp;chiều - In lụa</p><p>Sản phẩm được vận chuyển từ 2-3 ngày.<br>Thiết kế và sản xuất bởi Hades Studio.</p><hr><p><strong>HADES™&nbsp;&nbsp;</strong><span style="color:#999999; font-size:10pt">✦<strong>&nbsp;&nbsp;</strong></span><span style="color:#999999; font-size:10pt">STREETWEAR BRAND LIMITED&nbsp;&nbsp;✦</span><br><span style="color:#999999; font-size:9pt">Copyright © 2021 Hades. All rights reserved.</span></p>', 1, 100, '2021-01-28 00:00:00', '/public/imgs/1/3/(1).jpg');
INSERT INTO products (ProID, ProName, Price, SizeS, SizeM, SizeL, SizeXL, FullDes, CatID, Quantity, Arrival, Image) VALUES (50, 'TOKYO DRIPPING WASHED TEE', 380000, 'Kio6KAyE', 'btWIEVve', 'rD9ffpk0', 'yiiqRzk5', '<p>Nằm trong series các địa danh nổi tiếng, phiên bản Tokyo kì bí lần này có hình in cùng chất liệu wash sẽ khiến outfit của bạn trông thật "cool"</p><p>Chất liệu: Cotton 2 chiều 100% - In lụa</p><p>Sản phẩm được vận chuyển từ 2-3 ngày.<br>Thiết kế và sản xuất bởi Hades Studio.</p><hr><p><strong>HADES™&nbsp;&nbsp;</strong><span style="color:#999999; font-size:10pt">✦<strong>&nbsp;&nbsp;</strong></span><span style="color:#999999; font-size:10pt">STREETWEAR BRAND LIMITED&nbsp;&nbsp;✦</span><br><span style="color:#999999; font-size:9pt">Copyright © 2021 Hades. All rights reserved.</span></p>', 1, 100, '2021-01-28 00:00:00', '/public/imgs/1/4/(1).jpg');
INSERT INTO products (ProID, ProName, Price, SizeS, SizeM, SizeL, SizeXL, FullDes, CatID, Quantity, Arrival, Image) VALUES (51, 'VICTIM TEE', 210000, 'ILvCUkfM', 'Np5UWqPB', 'KN8h0m1q', 'X5Af1uH0', '<p>Chất liệu: 100% Cotton 2 chiều, in lụa</p><p>Sản phẩm được&nbsp;vận chuyển từ 2-3 ngày.<br>Thiết kế và sản xuất bởi Hades Studio.</p><hr><p><strong>HADES™&nbsp;&nbsp;</strong>✦<strong>&nbsp;&nbsp;</strong>STREETWEAR BRAND LIMITED&nbsp;&nbsp;✦<br>Copyright © 2021 Hades. All rights reserved.</p><p>&nbsp;</p><p>&nbsp;</p><p>&nbsp;</p><p>&nbsp;</p>', 1, 100, '2021-01-28 00:00:00', '/public/imgs/1/5/(1).jpg');
INSERT INTO products (ProID, ProName, Price, SizeS, SizeM, SizeL, SizeXL, FullDes, CatID, Quantity, Arrival, Image) VALUES (52, 'WOLF GANG TEE', 310000, 'vogL6flX', 'dbShpLoL', 'JNtfJXfq', '1OQpO89w', '<p>&nbsp;</p><p>Ý tưởng thiết kế lần này được bắt nguồn từ những chú sói đầu đàn hung mãnh đã được Hades biến hóa thành một phong cách đường phố rất bụi bặm.</p><p>Chất liệu: Cotton 2 chiều 100%, in lụa</p><p>Sản phẩm được vận chuyển từ 2-3 ngày.<br>Thiết kế và sản xuất bởi Hades Studio.</p><hr><p><strong>HADES™&nbsp;&nbsp;</strong><span style="color:#999999; font-size:10pt">✦<strong>&nbsp;&nbsp;</strong></span><span style="color:#999999; font-size:10pt">STREETWEAR BRAND LIMITED&nbsp;&nbsp;✦</span><br><span style="color:#999999; font-size:9pt">Copyright © 2021 Hades. All rights reserved.</span></p>', 1, 100, '2021-01-28 00:00:00', '/public/imgs/1/6/(1).jpg');
INSERT INTO products (ProID, ProName, Price, SizeS, SizeM, SizeL, SizeXL, FullDes, CatID, Quantity, Arrival, Image) VALUES (53, 'WOLF SYMBOL TEE', 330000, 'moJO9tGY', 'VUgUuq6P', '1RYMamLZ', 'Abg6QJA9', '<p>Áo này chất liệu làm bằng “ Vải 2 chiều cotton” nên sẽ có độ rút.&nbsp;<br>Sản phẩm khi đến tay bạn sẽ có độ dài hơn bình thường 2 đến 3cm ( Nên &nbsp;nếu bạn cảm thấy hơi dài thì khoang hãy đổi size nhé! )&nbsp;<br>Vì Hades đã tính trước giúp bạn rồi ạ. Khi bạn giặt qua nước đầu tiên thì sản phẩm sẽ tự rút lên lại 2 đến 3 cm và tất nhiên chỉ rút duy nhất 1 lần giặt đầu, các lần giặt sau sẽ không còn bị rút nữa ạ.&nbsp;</p><p>Vải 2 chiều có ưu điểm là thoáng mát và giữ form áo rất đẹp nhưng nhược điểm lại là bị rút sau 1 lần giặc nên bạn thông cảm giúp shop nhé</p><p>Chất liệu: Cotton 2 chiều 100%, in lụa</p><p>Sản phẩm được&nbsp;vận chuyển từ 2-3 ngày.<br>Thiết kế và sản xuất bởi Hades Studio.</p><hr><p><strong>HADES™&nbsp;&nbsp;</strong>✦<strong>&nbsp;&nbsp;</strong>STREETWEAR BRAND LIMITED&nbsp;&nbsp;✦<br>Copyright © 2021 Hades. All rights reserved.</p><p>&nbsp;</p><p>&nbsp;</p><p>&nbsp;</p><p>&nbsp;</p>', 1, 100, '2021-01-28 00:00:00', '/public/imgs/1/7/(1).jpg');
INSERT INTO products (ProID, ProName, Price, SizeS, SizeM, SizeL, SizeXL, FullDes, CatID, Quantity, Arrival, Image) VALUES (54, '2POCKET CARGO PANTS', 440000, 'BtOIlji0', '2ZdtEMNO', '5rlubOul', 'None', '<p>&nbsp;</p><p>Sản phẩm signature của Hades với thiết kế túi hộp tiện dụng ở hai bên thân quần tạo nên 1 tổng thể cân đối. Ngoài ra còn tạo cảm giác thoải mái nhất khi vận động cho người mặc.</p><p>Chất liệu: Cotton chân cua, thêu.</p><p>Sản phẩm được vận chuyển từ 2-3 ngày.<br>Thiết kế và sản xuất bởi Hades Studio.</p><hr><p><strong>HADES™&nbsp;&nbsp;</strong><span style="color:#999999; font-size:10pt">✦<strong>&nbsp;&nbsp;</strong></span><span style="color:#999999; font-size:10pt">STREETWEAR BRAND LIMITED&nbsp;&nbsp;✦</span><br><span style="color:#999999; font-size:9pt">Copyright © 2021 Hades. All rights reserved.</span></p>', 2, 100, '2021-01-28 00:00:00', '/public/imgs/2/1/(1).jpg');
INSERT INTO products (ProID, ProName, Price, SizeS, SizeM, SizeL, SizeXL, FullDes, CatID, Quantity, Arrival, Image) VALUES (55, 'ALPHABETIC SHORTS', 230000, 'uvOpCeYv', 'JlYots4W', 'fm7TaAl9', 'None', '<p>Chất liệu: Dù</p><p>Sản phẩm được&nbsp;vận chuyển từ 2-3 ngày.<br>Thiết kế và sản xuất bởi Hades Studio.</p><hr><p><strong>HADES™&nbsp;&nbsp;</strong>✦<strong>&nbsp;&nbsp;</strong>STREETWEAR BRAND LIMITED&nbsp;&nbsp;✦<br>Copyright © 2021 Hades. All rights reserved.</p><p>&nbsp;</p><p>&nbsp;</p><p>&nbsp;</p><p>&nbsp;</p><p>&nbsp;</p>', 2, 100, '2021-01-28 00:00:00', '/public/imgs/2/2/(1).jpg');
INSERT INTO products (ProID, ProName, Price, SizeS, SizeM, SizeL, SizeXL, FullDes, CatID, Quantity, Arrival, Image) VALUES (56, 'BASIC SHORTS', 380000, '6nwv3TqA', 'DMlFQzVu', 'HbDqot65', 'None', '<p>Phần lưng quần có dây giúp cho việc điều chỉnh dễ dàng để fit nhất với cơ thể tạo cảm giác thoải mái và phù hợp cho nhiều loại outfit.</p><p>Chất liệu: Nỉ da cá&nbsp;100%</p><p>Kiểu in : In lụa</p><p>Sản phẩm được vận chuyển từ 2-3 ngày.<br>Thiết kế và sản xuất bởi Hades Studio.</p><hr><p><strong>HADES™&nbsp;&nbsp;</strong><span style="color:#999999; font-size:10pt">✦<strong>&nbsp;&nbsp;</strong></span><span style="color:#999999; font-size:10pt">STREETWEAR BRAND LIMITED&nbsp;&nbsp;✦</span><br><span style="color:#999999; font-size:9pt">Copyright © 2021 Hades. All rights reserved.</span></p>', 2, 100, '2021-01-28 00:00:00', '/public/imgs/2/3/(1).jpg');
INSERT INTO products (ProID, ProName, Price, SizeS, SizeM, SizeL, SizeXL, FullDes, CatID, Quantity, Arrival, Image) VALUES (57, 'BEIGE PANTS', 650000, 'nVr8f74a', '1qY5sa1V', 'mPFGk1oD', 'None', '<p>Sản phẩm thuộc season SPRING22 mang tính ứng dụng cao, vô cùng phù hợp để "ready-to-wear" xuống phố.&nbsp;</p><p>&nbsp;</p><p>Sản phẩm được vận chuyển từ 2-3 ngày.&nbsp;</p><p>&nbsp;</p><p>Thiết kế và sản xuất bởi Hades Studio.</p><hr><p><strong>HADES™&nbsp;&nbsp;</strong><span style="font-size:10px"><span style="color:#999999">✦<strong>&nbsp;&nbsp;</strong>STREETWEAR BRAND LIMITED&nbsp;&nbsp;✦</span></span><br><span style="color:#999999; font-size:9pt">Copyright © 2021 Hades. All rights reserved.</span></p>', 2, 100, '2021-01-28 00:00:00', '/public/imgs/2/4/(1).jpg');
INSERT INTO products (ProID, ProName, Price, SizeS, SizeM, SizeL, SizeXL, FullDes, CatID, Quantity, Arrival, Image) VALUES (58, 'BIG POCKET SHORTS', 340000, 'FoZh2Iyp', 'vBeQuvmB', 'u4sNJ2vJ', 'None', '<p>Chất liệu kaki tạo cảm giác thoải mái, kết hợp với thiết kế túi hộp lớn tiện dụng, mang hơi hướng techwear mới mẻ.</p><p>Chất liệu: Vải Kaki - In lụa<br>&nbsp;</p><p>Sản phẩm được vận chuyển từ 2-3 ngày.<br>Thiết kế và sản xuất bởi Hades Studio.</p><hr><p><strong>HADES™&nbsp;&nbsp;</strong><span style="color:#999999; font-size:10pt">✦<strong>&nbsp;&nbsp;</strong></span><span style="color:#999999; font-size:10pt">STREETWEAR BRAND LIMITED&nbsp;&nbsp;✦</span><br><span style="color:#999999; font-size:9pt">Copyright © 2021 Hades. All rights reserved.</span></p>', 2, 100, '2021-01-28 00:00:00', '/public/imgs/2/5/(1).jpg');
INSERT INTO products (ProID, ProName, Price, SizeS, SizeM, SizeL, SizeXL, FullDes, CatID, Quantity, Arrival, Image) VALUES (59, 'CARGO SHORTS', 400000, 'ulGc7Q6F', 'wwwrd5hi', 'IdQovBv8', 'None', '<p>Thiết kế túi hộp hai bên cùng chất liệu kaki làm tăng độ thoải mái lẫn sự tiện dụng của sản phẩm. Ngoài ra còn tạo cảm giác thoải mái nhất khi vận động cho người mặc.</p><p>Chất liệu: Kaki</p><p>Kiểu in : In lụa</p><p>Sản phẩm được vận chuyển từ 2-3 ngày.<br>Thiết kế và sản xuất bởi Hades Studio.</p><hr><p><strong>HADES™&nbsp;&nbsp;</strong><span style="color:#999999; font-size:10pt">✦<strong>&nbsp;&nbsp;</strong></span><span style="color:#999999; font-size:10pt">STREETWEAR BRAND LIMITED&nbsp;&nbsp;✦</span><br><span style="color:#999999; font-size:9pt">Copyright © 2021 Hades. All rights reserved.</span></p>', 2, 100, '2021-01-28 00:00:00', '/public/imgs/2/6/(1).jpg');
INSERT INTO products (ProID, ProName, Price, SizeS, SizeM, SizeL, SizeXL, FullDes, CatID, Quantity, Arrival, Image) VALUES (60, 'EMERY SHORTS', 420000, '38cvo6lp', 'KRMXXoyC', 'd1kNJ42q', 'None', '<p>Sản phẩm thuộc season SPRING22 mang tính ứng dụng cao, vô cùng phù hợp để "ready-to-wear" xuống phố.&nbsp;</p><p>&nbsp;</p><p>Sản phẩm được vận chuyển từ 2-3 ngày.&nbsp;</p><p>&nbsp;</p><p>Thiết kế và sản xuất bởi Hades Studio.</p><hr><p><strong>HADES™&nbsp;&nbsp;</strong><span style="font-size:10px"><span style="color:#999999">✦<strong>&nbsp;&nbsp;</strong>STREETWEAR BRAND LIMITED&nbsp;&nbsp;✦</span></span><br><span style="color:#999999; font-size:9pt">Copyright © 2021 Hades. All rights reserved.</span></p>', 2, 100, '2021-01-28 00:00:00', '/public/imgs/2/7/(1).jpg');
INSERT INTO products (ProID, ProName, Price, SizeS, SizeM, SizeL, SizeXL, FullDes, CatID, Quantity, Arrival, Image) VALUES (61, 'ESSENTIAL TROUSER PANTS', 400000, 'Mdaurqa3', 'WkLQDbrW', 'bz1lwGzB', 'None', '<p>Sản phẩm thuộc dòng Essential, với tên brand Hades được in lụa dọc thân quần, đơn giản nhưng vẫn luôn giữ được tinh thần của brand.</p><p>Chất liệu: Nỉ</p><p>Sản phẩm được vận chuyển từ 2-3 ngày.<br>Thiết kế và sản xuất bởi Hades Studio.</p><hr><p><strong>HADES™&nbsp;&nbsp;</strong><span style="color:#999999; font-size:10pt">✦<strong>&nbsp;&nbsp;</strong></span><span style="color:#999999; font-size:10pt">STREETWEAR BRAND LIMITED&nbsp;&nbsp;✦</span><br><span style="color:#999999; font-size:9pt">Copyright © 2021 Hades. All rights reserved.</span></p>', 2, 100, '2021-01-28 00:00:00', '/public/imgs/2/8/(1).jpg');
INSERT INTO products (ProID, ProName, Price, SizeS, SizeM, SizeL, SizeXL, FullDes, CatID, Quantity, Arrival, Image) VALUES (62, 'H BLACK TROUSER PANTS', 440000, 'WdGZ09TZ', 'saVWsda2', 'qdYxE5jt', 'None', '<p>Chất liệu nhung tăm lót dù bảo đảm thoáng mát, tạo cảm giác thoải mái nhất khi vận động cho người mặc. Hình in chữ H từ tên Hades cũng là một điểm nhấn của sản phẩm.</p><p>Chất liệu: Nhung tăm</p><p>Sản phẩm được vận chuyển từ 2-3 ngày.<br>Thiết kế và sản xuất bởi Hades Studio.</p><hr><p><strong>HADES™&nbsp;&nbsp;</strong>✦<strong>&nbsp;&nbsp;</strong>STREETWEAR BRAND LIMITED&nbsp;&nbsp;✦<br>Copyright © 2021 Hades. All rights reserved.</p><div style="visibility: visible; left: 107px; top: 40px; opacity: 1;" class="jfk-bubble gtx-bubble"><div style="left: 113.5px;" class="jfk-bubble-arrow-id jfk-bubble-arrow jfk-bubble-arrowup"><div class="jfk-bubble-arrowimplafter">&nbsp;</div></div></div>', 2, 100, '2021-01-28 00:00:00', '/public/imgs/2/9/(1).jpg');
INSERT INTO products (ProID, ProName, Price, SizeS, SizeM, SizeL, SizeXL, FullDes, CatID, Quantity, Arrival, Image) VALUES (63, 'HADES BLACK CORDUROY PANTS', 390000, 'W932SsvF', '7eOiNOan', 'zizesVVJ', 'None', '<p>Chất liệu nhung tăm lót dù bảo đảm thoáng mát, tạo cảm giác thoải mái nhất khi vận động cho người mặc. Hình in tên brand được nằm rải rác cũng là một điểm nổi bật của sản phẩm.</p><p>Chất liệu: Nhung tăm</p><p>Sản phẩm được vận chuyển từ 2-3 ngày.<br>Thiết kế và sản xuất bởi Hades Studio.</p><hr><p><strong>HADES™&nbsp;&nbsp;</strong><span style="color:#999999; font-size:10pt">✦<strong>&nbsp;&nbsp;</strong></span><span style="color:#999999; font-size:10pt">STREETWEAR BRAND LIMITED&nbsp;&nbsp;✦</span><br><span style="color:#999999; font-size:9pt">Copyright © 2021 Hades. All rights reserved.</span></p><div style="visibility: visible; left: 107px; top: 40px; opacity: 1;" class="jfk-bubble gtx-bubble"><div style="left: 113.5px;" class="jfk-bubble-arrow-id jfk-bubble-arrow jfk-bubble-arrowup"><div class="jfk-bubble-arrowimplafter">&nbsp;</div></div></div>', 2, 100, '2021-01-28 00:00:00', '/public/imgs/2/10/(1).jpg');
INSERT INTO products (ProID, ProName, Price, SizeS, SizeM, SizeL, SizeXL, FullDes, CatID, Quantity, Arrival, Image) VALUES (64, 'HADES GLOSSY WATER SHORTS', 340000, 'NlWo6WQT', 'EjLpgOPE', 'UuB1IXLC', 'None', '<p>Quần short được thiết kế trên dù thoáng mát, cực kì linh hoạt khi vận động.</p><p>Chất liệu: Vải Dù&nbsp;- In lụa</p><p>Sản phẩm được vận chuyển từ 2-3 ngày.<br>Thiết kế và sản xuất bởi Hades Studio.</p><hr><p><strong>HADES™&nbsp;&nbsp;</strong><span style="color:#999999; font-size:10pt">✦<strong>&nbsp;&nbsp;</strong></span><span style="color:#999999; font-size:10pt">STREETWEAR BRAND LIMITED&nbsp;&nbsp;✦</span><br><span style="color:#999999; font-size:9pt">Copyright © 2021 Hades. All rights reserved.</span></p>', 2, 100, '2021-01-28 00:00:00', '/public/imgs/2/11/(1).jpg');
INSERT INTO products (ProID, ProName, Price, SizeS, SizeM, SizeL, SizeXL, FullDes, CatID, Quantity, Arrival, Image) VALUES (65, 'HADES / NEW BALANCE TROUSER PANTS', 400000, 'JkfqYXH1', 'sM0S3dOn', 'I8cRnyOq', 'None', '<p>Sản phẩm thuộc dòng Essential, với tên brand Hades được thêu ngang thân quần, đơn giản nhưng vẫn luôn giữ được tinh thần của brand. Khiến sản phẩm trở thành 1 daily item sử dụng hàng ngày mà không hề bị nhàm chán.</p><p>Chất liệu: Nỉ</p><p>Kiểu in : Thêu</p><p>Sản phẩm được vận chuyển từ 2-3 ngày.<br>Thiết kế và sản xuất bởi Hades Studio.</p><hr><p><strong>HADES™&nbsp;&nbsp;</strong><span style="color:#999999; font-size:10pt">✦<strong>&nbsp;&nbsp;</strong></span><span style="color:#999999; font-size:10pt">STREETWEAR BRAND LIMITED&nbsp;&nbsp;✦</span><br><span style="color:#999999; font-size:9pt">Copyright © 2021 Hades. All rights reserved.</span></p>', 2, 100, '2021-01-28 00:00:00', '/public/imgs/2/12/(1).jpg');
INSERT INTO products (ProID, ProName, Price, SizeS, SizeM, SizeL, SizeXL, FullDes, CatID, Quantity, Arrival, Image) VALUES (66, 'HADES TRACK SHORTS', 340000, 'B7piPdOn', '9ofUYNwo', 'rzpBvtth', 'None', '<p>Quần short form dáng thể thao được làm từ chất liệu dù, ống quần được in logo tên thương hiệu cực kì chi tiết.</p><p>Chất liệu: Vải Dù&nbsp;- In lụa</p><p>Sản phẩm được vận chuyển từ 2-3 ngày.<br>Thiết kế và sản xuất bởi Hades Studio.</p><hr><p><strong>HADES™&nbsp;&nbsp;</strong><span style="color:#999999; font-size:10pt">✦<strong>&nbsp;&nbsp;</strong></span><span style="color:#999999; font-size:10pt">STREETWEAR BRAND LIMITED&nbsp;&nbsp;✦</span><br><span style="color:#999999; font-size:9pt">Copyright © 2021 Hades. All rights reserved.</span></p>', 2, 100, '2021-01-28 00:00:00', '/public/imgs/2/13/(1).jpg');
INSERT INTO products (ProID, ProName, Price, SizeS, SizeM, SizeL, SizeXL, FullDes, CatID, Quantity, Arrival, Image) VALUES (67, 'MARBLE CARGO PANTS', 650000, 'eNyqcREb', 'FAjbF8Yt', 'M1eDSGdc', 'None', '<p>Sản phẩm thuộc season SPRING22 mang tính ứng dụng cao, vô cùng phù hợp để "ready-to-wear" xuống phố.&nbsp;</p><p>&nbsp;</p><p>Sản phẩm được vận chuyển từ 2-3 ngày.&nbsp;</p><p>&nbsp;</p><p>Thiết kế và sản xuất bởi Hades Studio.</p><hr><p><strong>HADES™&nbsp;&nbsp;</strong><span style="font-size:10px"><span style="color:#999999">✦<strong>&nbsp;&nbsp;</strong>STREETWEAR BRAND LIMITED&nbsp;&nbsp;✦</span></span><br><span style="color:#999999; font-size:9pt">Copyright © 2021 Hades. All rights reserved.</span></p>', 2, 100, '2021-01-28 00:00:00', '/public/imgs/2/14/(1).jpg');
INSERT INTO products (ProID, ProName, Price, SizeS, SizeM, SizeL, SizeXL, FullDes, CatID, Quantity, Arrival, Image) VALUES (68, 'BANDANA TROUSER PANTS', 270000, 'dnYpt8VK', '1yUbudoL', 'F91tYLaM', 'None', '<p><span>Chất liệu: 100% Nỉ, in lụa</span></p><p>Sản phẩm được&nbsp;vận chuyển từ 2-3 ngày.<br>Thiết kế và sản xuất bởi Hades Studio.</p><hr><p><strong>HADES<span>™&nbsp;&nbsp;</span></strong><span style="color:#999999; font-size:10pt">✦<strong>&nbsp;&nbsp;</strong></span><span><span style="color:#999999; font-size:10pt">STREETWEAR BRAND LIMITED&nbsp;&nbsp;✦</span><br><span style="color:#999999; font-size:9pt">Copyright © 2021 Hades. All rights reserved.</span></span></p><div id="gtx-anchor" style="position: absolute; visibility: hidden; left: 8px; top: 13px; width: 226.766px; height: 17px;">&nbsp;</div><div style="visibility: visible; left: 107px; top: 40px; opacity: 1;" class="jfk-bubble gtx-bubble"><div id="bubble-2" class="jfk-bubble-content-id"><div id="gtx-host" style="min-width: 200px; max-width: 400px;">&nbsp;</div></div><div class="jfk-bubble-closebtn-id jfk-bubble-closebtn">&nbsp;</div><div style="left: 113.5px;" class="jfk-bubble-arrow-id jfk-bubble-arrow jfk-bubble-arrowup"><div class="jfk-bubble-arrowimplbefore">&nbsp;</div><div class="jfk-bubble-arrowimplafter">&nbsp;</div></div></div>', 2, 100, '2021-01-28 00:00:00', '/public/imgs/2/15/(1).jpg');
INSERT INTO products (ProID, ProName, Price, SizeS, SizeM, SizeL, SizeXL, FullDes, CatID, Quantity, Arrival, Image) VALUES (69, 'ORDINARY TRACK PANTS', 490000, 'hmu34B2Y', 'cQTZw7DD', '4ris587X', 'None', '<p>Sản phẩm thuộc season SPRING22 mang tính ứng dụng cao, vô cùng phù hợp để "ready-to-wear" xuống phố.&nbsp;</p><p>&nbsp;</p><p>Sản phẩm được vận chuyển từ 2-3 ngày.&nbsp;</p><p>&nbsp;</p><p>Thiết kế và sản xuất bởi Hades Studio.</p><hr><p><strong>HADES™&nbsp;&nbsp;</strong><span style="font-size:10px"><span style="color:#999999">✦<strong>&nbsp;&nbsp;</strong>STREETWEAR BRAND LIMITED&nbsp;&nbsp;✦</span></span><br><span style="color:#999999; font-size:9pt">Copyright © 2021 Hades. All rights reserved.</span></p>', 2, 100, '2021-01-28 00:00:00', '/public/imgs/2/16/(1).jpg');
INSERT INTO products (ProID, ProName, Price, SizeS, SizeM, SizeL, SizeXL, FullDes, CatID, Quantity, Arrival, Image) VALUES (70, 'RACE TRACK PANTS', 390000, 'iZ7NS9K9', 't9zvLjlj', 'A0lzjfdA', 'None', '<p>&nbsp;</p><p>Chiếc quần jogger signature của Hades được sử dụng chất vải nhung nhưng với cách xử lý để tạo ra phần lót trong bằng dù nhằm đem đến cho các bạn thoải mái và thoáng mát.</p><p>Chất liệu: Họa tiết thêu nổi 100% kết hợp vải nhung.</p><p>Sản phẩm được vận chuyển từ 2-3 ngày.<br>Thiết kế và sản xuất bởi Hades Studio.</p><hr><p><strong>HADES™&nbsp;&nbsp;</strong><span style="color:#999999; font-size:10pt">✦<strong>&nbsp;&nbsp;</strong></span><span style="color:#999999; font-size:10pt">STREETWEAR BRAND LIMITED&nbsp;&nbsp;✦</span><br><span style="color:#999999; font-size:9pt">Copyright © 2021 Hades. All rights reserved.</span></p>', 2, 100, '2021-01-28 00:00:00', '/public/imgs/2/17/(1).jpg');
INSERT INTO products (ProID, ProName, Price, SizeS, SizeM, SizeL, SizeXL, FullDes, CatID, Quantity, Arrival, Image) VALUES (71, 'RAZOR PANTS', 270000, '0wzk4dXe', 'G2Oki2HK', '8fMGqibD', 'None', '<p>Chất liệu: Nỉ, in lụa</p><p>Sản phẩm được&nbsp;vận chuyển từ 2-3 ngày.<br>Thiết kế và sản xuất bởi Hades Studio.</p><hr><p><strong>HADES™&nbsp;&nbsp;</strong>✦<strong>&nbsp;&nbsp;</strong>STREETWEAR BRAND LIMITED&nbsp;&nbsp;✦<br>Copyright © 2021 Hades. All rights reserved.</p><p>&nbsp;</p><p>&nbsp;</p><p>&nbsp;</p><p>&nbsp;</p><p>&nbsp;</p>', 2, 100, '2021-01-28 00:00:00', '/public/imgs/2/18/(1).jpg');
INSERT INTO products (ProID, ProName, Price, SizeS, SizeM, SizeL, SizeXL, FullDes, CatID, Quantity, Arrival, Image) VALUES (72, 'SKELETON SHORTS', 230000, 'EuzHQY27', 'EiZ4b41k', '3wxdt6gK', 'None', '<p>Chất liệu: Dù, in lụa</p><p>Sản phẩm được&nbsp;vận chuyển từ 2-3 ngày.<br>Thiết kế và sản xuất bởi Hades Studio.</p><hr><p><strong>HADES™&nbsp;&nbsp;</strong>✦<strong>&nbsp;&nbsp;</strong>STREETWEAR BRAND LIMITED&nbsp;&nbsp;✦<br>Copyright © 2021 Hades. All rights reserved.</p><p>&nbsp;</p><p>&nbsp;</p><p>&nbsp;</p><p>&nbsp;</p><p>&nbsp;</p>', 2, 100, '2021-01-28 00:00:00', '/public/imgs/2/19/(1).jpg');
INSERT INTO products (ProID, ProName, Price, SizeS, SizeM, SizeL, SizeXL, FullDes, CatID, Quantity, Arrival, Image) VALUES (73, 'ALPHABETIC CARDIGAN', 620000, 'obh899sY', 'y73I5tiQ', 'cr48Mbye', 'None', '<p>Chất liệu len dày dặn phù hợp với họa tiết dệt pattern. Form oversize cho cảm giác thoải mái - cardigan là một lựa chọn tuyệt vời cho thời tiết se lạnh.</p><p>Chất liệu: Len, dệt</p><p>Sản phẩm được vận chuyển từ 2-3 ngày.<br>Thiết kế và sản xuất bởi Hades Studio.</p><hr><p><strong>HADES™&nbsp;&nbsp;</strong>✦<strong>&nbsp;&nbsp;</strong>STREETWEAR BRAND LIMITED&nbsp;&nbsp;✦<br>Copyright © 2021 Hades. All rights reserved.</p><div style="visibility: visible; left: 107px; top: 40px; opacity: 1;" class="jfk-bubble gtx-bubble"><div style="left: 113.5px;" class="jfk-bubble-arrow-id jfk-bubble-arrow jfk-bubble-arrowup"><div class="jfk-bubble-arrowimplafter">&nbsp;</div></div></div>', 3, 100, '2021-01-28 00:00:00', '/public/imgs/3/1/(1).jpg');
INSERT INTO products (ProID, ProName, Price, SizeS, SizeM, SizeL, SizeXL, FullDes, CatID, Quantity, Arrival, Image) VALUES (74, 'BANDANA HOODIE', 360000, '1mNR0U3t', 'L1LOFx3j', 'cQKRMzJV', 'None', '<p><span>Chất liệu: Nỉ, in lụa</span></p><p>Sản phẩm được&nbsp;vận chuyển từ 2-3 ngày.<br>Thiết kế và sản xuất bởi Hades Studio.</p><hr><p><strong>HADES<span>™&nbsp;&nbsp;</span></strong><span style="color:#999999; font-size:10pt">✦<strong>&nbsp;&nbsp;</strong></span><span><span style="color:#999999; font-size:10pt">STREETWEAR BRAND LIMITED&nbsp;&nbsp;✦</span><br><span style="color:#999999; font-size:9pt">Copyright © 2021 Hades. All rights reserved.</span></span></p><div id="eJOY__extension_root" style="all: unset;" class="eJOY__extension_root_class">&nbsp;</div>', 3, 100, '2021-01-28 00:00:00', '/public/imgs/3/2/(1).jpg');
INSERT INTO products (ProID, ProName, Price, SizeS, SizeM, SizeL, SizeXL, FullDes, CatID, Quantity, Arrival, Image) VALUES (75, 'BIG POCKET JACKET', 560000, 'IV7I5dC1', 'w5BqWtje', 'VaS1dMnN', 'None', '<p>Áo khoác với thiết kế túi tràn độc đáo, phối cùng chất liệu thoải mái. Ngoài ra còn có điểm nhấn dây rút tinh tế ở dọc viền áo.</p><p>&nbsp;</p><p>Chất liệu: Vải Kaki - In lụa<br>&nbsp;</p><p>Sản phẩm được vận chuyển từ 2-3 ngày.<br>Thiết kế và sản xuất bởi Hades Studio.</p><hr><p><strong>HADES™&nbsp;&nbsp;</strong><span style="color:#999999; font-size:10pt">✦<strong>&nbsp;&nbsp;</strong></span><span style="color:#999999; font-size:10pt">STREETWEAR BRAND LIMITED&nbsp;&nbsp;✦</span><br><span style="color:#999999; font-size:9pt">Copyright © 2021 Hades. All rights reserved.</span></p>', 3, 100, '2021-01-28 00:00:00', '/public/imgs/3/3/(1).jpg');
INSERT INTO products (ProID, ProName, Price, SizeS, SizeM, SizeL, SizeXL, FullDes, CatID, Quantity, Arrival, Image) VALUES (76, 'BURNED HOODIE', 580000, 'aYPwme1I', 'IhH0uF5f', 'fRVqxXZB', 'None', '<p>Vẫn là ưu điểm chất liệu dày dặn, đứng form, chiếc hoodie lần nay mang màu sắc mới lạ kết hợp với họa tiết loang độc đáo.</p><p>&nbsp;</p><p>Chất liệu: Nỉ bông&nbsp;- In lụa<br>&nbsp;</p><p>&nbsp;</p><p>Sản phẩm được vận chuyển từ 2-3 ngày.<br>Thiết kế và sản xuất bởi Hades Studio.</p><hr><p><strong>HADES™&nbsp;&nbsp;</strong><span style="color:#999999; font-size:10pt">✦<strong>&nbsp;&nbsp;</strong></span><span style="color:#999999; font-size:10pt">STREETWEAR BRAND LIMITED&nbsp;&nbsp;✦</span><br><span style="color:#999999; font-size:9pt">Copyright © 2021 Hades. All rights reserved.</span></p>', 3, 100, '2021-01-28 00:00:00', '/public/imgs/3/4/(1).jpg');
INSERT INTO products (ProID, ProName, Price, SizeS, SizeM, SizeL, SizeXL, FullDes, CatID, Quantity, Arrival, Image) VALUES (77, 'CHECKERED BROWN CARDIGAN', 900000, 'BXoSUlNq', 'oeqFxUl4', 'yldKTmUd', 'None', '<p>Sản phẩm thuộc season SPRING22 mang tính ứng dụng cao, vô cùng phù hợp để "ready-to-wear" xuống phố.&nbsp;</p><p>&nbsp;</p><p>Sản phẩm được vận chuyển từ 2-3 ngày.&nbsp;</p><p>&nbsp;</p><p>Thiết kế và sản xuất bởi Hades Studio.</p><hr><p><strong>HADES™&nbsp;&nbsp;</strong><span style="font-size:10px"><span style="color:#999999">✦<strong>&nbsp;&nbsp;</strong>STREETWEAR BRAND LIMITED&nbsp;&nbsp;✦</span></span><br><span style="color:#999999; font-size:9pt">Copyright © 2021 Hades. All rights reserved.</span></p>', 3, 100, '2021-01-28 00:00:00', '/public/imgs/3/5/(1).jpg');
INSERT INTO products (ProID, ProName, Price, SizeS, SizeM, SizeL, SizeXL, FullDes, CatID, Quantity, Arrival, Image) VALUES (78, 'CLAIRVOYANCE MEDICINE HOODIE', 390000, 'oHGfCZFS', 'GYJ5pr3l', 'Wog957Bs', 'None', '<p>Sự tương phản đến từ mặt trước áo đơn giản nhưng đằng sau lại là graphic được in khổ lớn khiến chiếc áo trở nên vô cùng nổi bật.</p><p>Chất liệu: Nỉ, in lụa</p><p>Sản phẩm được vận chuyển từ 2-3 ngày.<br>Thiết kế và sản xuất bởi Hades Studio.</p><hr><p><strong>HADES™&nbsp;&nbsp;</strong><span style="color:#999999; font-size:10pt">✦<strong>&nbsp;&nbsp;</strong></span><span style="color:#999999; font-size:10pt">STREETWEAR BRAND LIMITED&nbsp;&nbsp;✦</span><br><span style="color:#999999; font-size:9pt">Copyright © 2021 Hades. All rights reserved.</span></p><div id="eJOY__extension_root" style="all: unset;" class="eJOY__extension_root_class">&nbsp;</div><div id="gtx-anchor" style="position: absolute; visibility: hidden; left: 8px; top: 13px; width: 226.766px; height: 17px;">&nbsp;</div><div style="visibility: visible; left: 107px; top: 40px; opacity: 1;" class="jfk-bubble gtx-bubble"><div id="bubble-2" class="jfk-bubble-content-id"><div id="gtx-host" style="min-width: 200px; max-width: 400px;">&nbsp;</div></div><div class="jfk-bubble-closebtn-id jfk-bubble-closebtn">&nbsp;</div><div style="left: 113.5px;" class="jfk-bubble-arrow-id jfk-bubble-arrow jfk-bubble-arrowup"><div class="jfk-bubble-arrowimplbefore">&nbsp;</div><div class="jfk-bubble-arrowimplafter">&nbsp;</div></div></div>', 3, 100, '2021-01-28 00:00:00', '/public/imgs/3/6/(1).jpg');
INSERT INTO products (ProID, ProName, Price, SizeS, SizeM, SizeL, SizeXL, FullDes, CatID, Quantity, Arrival, Image) VALUES (79, 'CORDUROY JACKET', 610000, 'kBmhprWq', 'vNApmOmh', 'nPxMKsyw', 'None', '<p>Mẫu áo khoác nhung tăm mới với phong cách tối giản, cân bằng được sự bụi băm lẫn tính thanh lịch, ứng dụng cao.&nbsp;</p><p>Chất liệu: Nhung Tăm - Thêu Nổi</p><p>Sản phẩm được vận chuyển từ 2-3 ngày.<br>Thiết kế và sản xuất bởi Hades Studio.</p><hr><p><strong>HADES™&nbsp;&nbsp;</strong><span style="color:#999999; font-size:10pt">✦<strong>&nbsp;&nbsp;</strong></span><span style="color:#999999; font-size:10pt">STREETWEAR BRAND LIMITED&nbsp;&nbsp;✦</span><br><span style="color:#999999; font-size:9pt">Copyright © 2021 Hades. All rights reserved.</span></p>', 3, 100, '2021-01-28 00:00:00', '/public/imgs/3/7/(1).jpg');
INSERT INTO products (ProID, ProName, Price, SizeS, SizeM, SizeL, SizeXL, FullDes, CatID, Quantity, Arrival, Image) VALUES (80, 'CULBURN HOODIE', 620000, 'ruYJ5fcv', 'IBVkajuo', 'yBdNIdzo', 'None', '<p>Sản phẩm thuộc season SPRING22 mang tính ứng dụng cao, vô cùng phù hợp để "ready-to-wear" xuống phố.&nbsp;</p><p>&nbsp;</p><p>Sản phẩm được vận chuyển từ 2-3 ngày.&nbsp;</p><p>&nbsp;</p><p>Thiết kế và sản xuất bởi Hades Studio.</p><hr><p><strong>HADES™&nbsp;&nbsp;</strong><span style="font-size:10px"><span style="color:#999999">✦<strong>&nbsp;&nbsp;</strong>STREETWEAR BRAND LIMITED&nbsp;&nbsp;✦</span></span><br><span style="color:#999999; font-size:9pt">Copyright © 2021 Hades. All rights reserved.</span></p>', 3, 100, '2021-01-28 00:00:00', '/public/imgs/3/8/(1).jpg');
INSERT INTO products (ProID, ProName, Price, SizeS, SizeM, SizeL, SizeXL, FullDes, CatID, Quantity, Arrival, Image) VALUES (81, 'GLORY ROAD BROWN VARSITY JACKET', 910000, 'y9tBLfuD', '2U9lCmkr', '4xSIu7SE', 'None', '<p>Ứng dụng chất liệu nỉ quen thuộc cùng nút khóa bấm rất vintage. Một trong những đặc điểm nổi bật của Varsity Jacket chính là những chi tiết thêu tỉ mỉ toàn thân áo và dọc hai tay.</p><p>Chất liệu: Nỉ</p><p>Sản phẩm được vận chuyển từ 2-3 ngày.<br>Thiết kế và sản xuất bởi Hades Studio.</p><hr><p><strong>HADES™&nbsp;&nbsp;</strong><span style="color:#999999; font-size:10pt">✦<strong>&nbsp;&nbsp;</strong></span><span style="color:#999999; font-size:10pt">STREETWEAR BRAND LIMITED&nbsp;&nbsp;✦</span><br><span style="color:#999999; font-size:9pt">Copyright © 2021 Hades. All rights reserved.</span></p><div style="visibility: visible; left: 107px; top: 40px; opacity: 1;" class="jfk-bubble gtx-bubble"><div style="left: 113.5px;" class="jfk-bubble-arrow-id jfk-bubble-arrow jfk-bubble-arrowup"><div class="jfk-bubble-arrowimplafter">&nbsp;</div></div></div>', 3, 100, '2021-01-28 00:00:00', '/public/imgs/3/9/(1).jpg');
INSERT INTO products (ProID, ProName, Price, SizeS, SizeM, SizeL, SizeXL, FullDes, CatID, Quantity, Arrival, Image) VALUES (82, 'GLORY ROAD GREEN VARSITY JACKET', 910000, 'JeH3vgjh', 'uPN5Ch2H', '14I9PqbT', 'None', '<p>Ứng dụng chất liệu nỉ quen thuộc cùng nút khóa bấm rất vintage. Một trong những đặc điểm nổi bật của Varsity Jacket chính là những chi tiết thêu tỉ mỉ toàn thân áo và dọc hai tay.</p><p>Chất liệu: Nỉ</p><p>Sản phẩm được vận chuyển từ 2-3 ngày.<br>Thiết kế và sản xuất bởi Hades Studio.</p><hr><p><strong>HADES™&nbsp;&nbsp;</strong>✦<strong>&nbsp;&nbsp;</strong>STREETWEAR BRAND LIMITED&nbsp;&nbsp;✦<br>Copyright © 2021 Hades. All rights reserved.</p><div style="visibility: visible; left: 107px; top: 40px; opacity: 1;" class="jfk-bubble gtx-bubble"><div style="left: 113.5px;" class="jfk-bubble-arrow-id jfk-bubble-arrow jfk-bubble-arrowup"><div class="jfk-bubble-arrowimplafter">&nbsp;</div></div></div>', 3, 100, '2021-01-28 00:00:00', '/public/imgs/3/10/(1).jpg');
INSERT INTO products (ProID, ProName, Price, SizeS, SizeM, SizeL, SizeXL, FullDes, CatID, Quantity, Arrival, Image) VALUES (83, 'GO WILD N FUN HOODIE', 320000, 'tga0uxgs', 'S8nsOThc', 'v9orYYUC', 'NIbw6YeA', '<p>Chất liệu: Nỉ, in lụa<br>Thiết kế và sản xuất bởi Hades Studio.</p><hr><p><strong>HADES™&nbsp;&nbsp;</strong>✦<strong>&nbsp;&nbsp;</strong>STREETWEAR BRAND LIMITED&nbsp;&nbsp;✦<br>Copyright © 2021 Hades. All rights reserved.</p><p>&nbsp;</p><p>&nbsp;</p><p>&nbsp;</p><p>&nbsp;</p><p>&nbsp;</p>', 3, 100, '2021-01-28 00:00:00', '/public/imgs/3/11/(1).jpg');
INSERT INTO products (ProID, ProName, Price, SizeS, SizeM, SizeL, SizeXL, FullDes, CatID, Quantity, Arrival, Image) VALUES (84, 'GRAFFITY FLANNEL', 370000, 'ijMqpFsu', 'bNw74myU', '0Eel8g8R', 'None', '<p>Chất liệu: Cotton caro, in lụa</p><p>Sản phẩm được vận chuyển từ 2-3 ngày.<br>Thiết kế và sản xuất bởi Hades Studio.</p><hr><p><strong>HADES™&nbsp;&nbsp;</strong>✦<strong>&nbsp;&nbsp;</strong>STREETWEAR BRAND LIMITED&nbsp;&nbsp;✦<br>Copyright © 2021 Hades. All rights reserved.</p><div style="visibility: visible; left: 107px; top: 40px; opacity: 1;" class="jfk-bubble gtx-bubble"><div style="left: 113.5px;" class="jfk-bubble-arrow-id jfk-bubble-arrow jfk-bubble-arrowup"><div class="jfk-bubble-arrowimplafter">&nbsp;</div></div></div>', 3, 100, '2021-01-28 00:00:00', '/public/imgs/3/12/(1).jpg');
INSERT INTO products (ProID, ProName, Price, SizeS, SizeM, SizeL, SizeXL, FullDes, CatID, Quantity, Arrival, Image) VALUES (85, 'HADES BASIC JACKET', 460000, 'bMkMSkyB', 'YrVmyIvT', 'Tb8l2J0D', 'None', '<p>Chất liệu: Dù, in lụa</p><p>Sản phẩm được&nbsp;vận chuyển từ 2-3 ngày.<br>Thiết kế và sản xuất bởi Hades Studio.</p><hr><p><strong>HADES™&nbsp;&nbsp;</strong>✦<strong>&nbsp;&nbsp;</strong>STREETWEAR BRAND LIMITED&nbsp;&nbsp;✦<br>Copyright © 2021 Hades. All rights reserved.</p><p>&nbsp;</p><p>&nbsp;</p><p>&nbsp;</p><p>&nbsp;</p><p>&nbsp;</p>', 3, 100, '2021-01-28 00:00:00', '/public/imgs/3/13/(1).jpg');
INSERT INTO products (ProID, ProName, Price, SizeS, SizeM, SizeL, SizeXL, FullDes, CatID, Quantity, Arrival, Image) VALUES (86, 'HADES MONOGRAM GILE', 690000, 'None', '0zxPzMu1', 'gPYxD1An', 'None', '<p>Sản phẩm thuộc season SPRING22 mang tính ứng dụng cao, vô cùng phù hợp để "ready-to-wear" xuống phố.&nbsp;</p><p>&nbsp;</p><p>Sản phẩm được vận chuyển từ 2-3 ngày.&nbsp;</p><p>&nbsp;</p><p>Thiết kế và sản xuất bởi Hades Studio.</p><hr><p><strong>HADES™&nbsp;&nbsp;</strong><span style="font-size:10px"><span style="color:#999999">✦<strong>&nbsp;&nbsp;</strong>STREETWEAR BRAND LIMITED&nbsp;&nbsp;✦</span></span><br><span style="color:#999999; font-size:9pt">Copyright © 2021 Hades. All rights reserved.</span></p>', 3, 100, '2021-01-28 00:00:00', '/public/imgs/3/14/(1).jpg');
INSERT INTO products (ProID, ProName, Price, SizeS, SizeM, SizeL, SizeXL, FullDes, CatID, Quantity, Arrival, Image) VALUES (87, 'HADES OVERDYED LAYERED HOODIE', 590000, '9YaP2XDJ', 'WEOVr7Ey', '98JkHzsu', 'None', '<p>Thiết kế có điểm nhấn cách điệu phần phối ráp tay với thân áo vô cùng độc đáo. Đặc điểm nổi trội của chiếc áo là chất liệu nỉ dày phù hợp với thời tiết se lạnh và phù hợp với nhiều loại outfit</p><p>Chất liệu: Nỉ bông, in lụa</p><p>Sản phẩm được vận chuyển từ 2-3 ngày.<br>Thiết kế và sản xuất bởi Hades Studio.</p><hr><p><strong>HADES™&nbsp;&nbsp;</strong><span style="color:#999999; font-size:10pt">✦<strong>&nbsp;&nbsp;</strong></span><span style="color:#999999; font-size:10pt">STREETWEAR BRAND LIMITED&nbsp;&nbsp;✦</span><br><span style="color:#999999; font-size:9pt">Copyright © 2021 Hades. All rights reserved.</span></p>', 3, 100, '2021-01-28 00:00:00', '/public/imgs/3/15/(1).jpg');
INSERT INTO products (ProID, ProName, Price, SizeS, SizeM, SizeL, SizeXL, FullDes, CatID, Quantity, Arrival, Image) VALUES (88, 'HADES WORKSHOP WINDBREAKER JACKET', 580000, 'MIFwLYfW', 'T2s1uNiD', 'bLwFMdMG', 'None', '<p>Sản phẩm thuộc season SPRING22 mang tính ứng dụng cao, vô cùng phù hợp để "ready-to-wear" xuống phố.&nbsp;</p><p>&nbsp;</p><p>Sản phẩm được vận chuyển từ 2-3 ngày.&nbsp;</p><p>&nbsp;</p><p>Thiết kế và sản xuất bởi Hades Studio.</p><hr><p><strong>HADES™&nbsp;&nbsp;</strong><span style="font-size:10px"><span style="color:#999999">✦<strong>&nbsp;&nbsp;</strong>STREETWEAR BRAND LIMITED&nbsp;&nbsp;✦</span></span><br><span style="color:#999999; font-size:9pt">Copyright © 2021 Hades. All rights reserved.</span></p>', 3, 100, '2021-01-28 00:00:00', '/public/imgs/3/16/(1).jpg');
INSERT INTO products (ProID, ProName, Price, SizeS, SizeM, SizeL, SizeXL, FullDes, CatID, Quantity, Arrival, Image) VALUES (89, 'INDOCHINE BOMBER', 790000, 'vMLyDaTR', 'EC2ebiYt', '3t4qbnXB', 'None', '<p>Sản phẩm thuộc season SPRING22 mang tính ứng dụng cao, vô cùng phù hợp để "ready-to-wear" xuống phố.&nbsp;</p><p>&nbsp;</p><p>Sản phẩm được vận chuyển từ 2-3 ngày.&nbsp;</p><p>&nbsp;</p><p>Thiết kế và sản xuất bởi Hades Studio.</p><hr><p><strong>HADES™&nbsp;&nbsp;</strong><span style="font-size:10px"><span style="color:#999999">✦<strong>&nbsp;&nbsp;</strong>STREETWEAR BRAND LIMITED&nbsp;&nbsp;✦</span></span><br><span style="color:#999999; font-size:9pt">Copyright © 2021 Hades. All rights reserved.</span></p>', 3, 100, '2021-01-28 00:00:00', '/public/imgs/3/17/(1).jpg');
INSERT INTO products (ProID, ProName, Price, SizeS, SizeM, SizeL, SizeXL, FullDes, CatID, Quantity, Arrival, Image) VALUES (90, 'INVASION HOODIE', 320000, 'k4H0ilOk', 'lfeQMBZc', 'xuzm6txF', 'None', '<p>Chất liệu: Nỉ, in lụa</p><p>Sản phẩm được&nbsp;vận chuyển từ 2-3 ngày.<br>Thiết kế và sản xuất bởi Hades Studio.</p><hr><p><strong>HADES™&nbsp;&nbsp;</strong>✦<strong>&nbsp;&nbsp;</strong>STREETWEAR BRAND LIMITED&nbsp;&nbsp;✦<br>Copyright © 2021 Hades. All rights reserved.</p><p>&nbsp;</p><p>&nbsp;</p><p>&nbsp;</p><p>&nbsp;</p><p>&nbsp;</p>', 3, 100, '2021-01-28 00:00:00', '/public/imgs/3/18/(1).jpg');
INSERT INTO products (ProID, ProName, Price, SizeS, SizeM, SizeL, SizeXL, FullDes, CatID, Quantity, Arrival, Image) VALUES (91, 'LANDSCAPE HOODIE', 310000, 'M4vgggOF', 'oLCpSBBE', '0COdcx0z', 'None', '<p>Chất liệu: Nỉ, in lụa</p><p>Sản phẩm được&nbsp;vận chuyển từ 2-3 ngày.<br>Thiết kế và sản xuất bởi Hades Studio.</p><hr><p><strong>HADES™&nbsp;&nbsp;</strong>✦<strong>&nbsp;&nbsp;</strong>STREETWEAR BRAND LIMITED&nbsp;&nbsp;✦<br>Copyright © 2021 Hades. All rights reserved.</p><p>&nbsp;</p><p>&nbsp;</p><p>&nbsp;</p><p>&nbsp;</p><p>&nbsp;</p>', 3, 100, '2021-01-28 00:00:00', '/public/imgs/3/19/(1).jpg');
INSERT INTO products (ProID, ProName, Price, SizeS, SizeM, SizeL, SizeXL, FullDes, CatID, Quantity, Arrival, Image) VALUES (92, 'LIGHTNING STRIKE JACKET', 310000, 'H7ze0qlz', 'pwdhOIzr', 'zPhvBDjl', 'l4beun1p', '<p>Chất liệu: Dù</p><p>Sản phẩm được&nbsp;vận chuyển từ 2-3 ngày.<br>Thiết kế và sản xuất bởi Hades Studio.</p><hr><p><strong>HADES™&nbsp;&nbsp;</strong>✦<strong>&nbsp;&nbsp;</strong>STREETWEAR BRAND LIMITED&nbsp;&nbsp;✦<br>Copyright © 2021 Hades. All rights reserved.</p><p>&nbsp;</p><p>&nbsp;</p><p>&nbsp;</p><p>&nbsp;</p>', 3, 100, '2021-01-28 00:00:00', '/public/imgs/3/20/(1).jpg');
INSERT INTO products (ProID, ProName, Price, SizeS, SizeM, SizeL, SizeXL, FullDes, CatID, Quantity, Arrival, Image) VALUES (93, 'NONSENSE JACKET', 310000, 'y9w41CYK', 'RXf5zqO6', 'MVFNSvwy', 'None', '<p>Chất liệu: Dù, in lụa</p><p>Sản phẩm được&nbsp;vận chuyển từ 2-3 ngày.<br>Thiết kế và sản xuất bởi Hades Studio.</p><hr><p><strong>HADES™&nbsp;&nbsp;</strong>✦<strong>&nbsp;&nbsp;</strong>STREETWEAR BRAND LIMITED&nbsp;&nbsp;✦<br>Copyright © 2021 Hades. All rights reserved.</p><p>&nbsp;</p><p>&nbsp;</p><p>&nbsp;</p><p>&nbsp;</p><p>&nbsp;</p>', 3, 100, '2021-01-28 00:00:00', '/public/imgs/3/21/(1).jpg');
INSERT INTO products (ProID, ProName, Price, SizeS, SizeM, SizeL, SizeXL, FullDes, CatID, Quantity, Arrival, Image) VALUES (94, 'ORDINARY PULLOVER', 620000, '0vx1GWC0', 'EX1bjcVL', 'T9jtxA48', 'None', '<p>Sản phẩm thuộc season SPRING22 mang tính ứng dụng cao, vô cùng phù hợp để "ready-to-wear" xuống phố.&nbsp;</p><p>&nbsp;</p><p>Sản phẩm được vận chuyển từ 2-3 ngày.&nbsp;</p><p>&nbsp;</p><p>Thiết kế và sản xuất bởi Hades Studio.</p><hr><p><strong>HADES™&nbsp;&nbsp;</strong><span style="font-size:10px"><span style="color:#999999">✦<strong>&nbsp;&nbsp;</strong>STREETWEAR BRAND LIMITED&nbsp;&nbsp;✦</span></span><br><span style="color:#999999; font-size:9pt">Copyright © 2021 Hades. All rights reserved.</span></p>', 3, 100, '2021-01-28 00:00:00', '/public/imgs/3/22/(1).jpg');
INSERT INTO products (ProID, ProName, Price, SizeS, SizeM, SizeL, SizeXL, FullDes, CatID, Quantity, Arrival, Image) VALUES (95, 'RANDOM LETTER HOODIE', 540000, '4UdJqUa8', 'dD5Fc3wZ', 'clhujHTy', 'None', '<p>Chất liệu: 100% Mohair, in lụa</p><p>Sản phẩm được&nbsp;vận chuyển từ 2-3 ngày.<br>Thiết kế và sản xuất bởi Hades Studio.</p><hr><p><strong>HADES™&nbsp;&nbsp;</strong><span style="color:#999999; font-size:10pt">✦<strong>&nbsp;&nbsp;</strong></span><span style="color:#999999; font-size:10pt">STREETWEAR BRAND LIMITED&nbsp;&nbsp;✦</span><br><span style="color:#999999; font-size:9pt">Copyright © 2021 Hades. All rights reserved.</span></p><div id="eJOY__extension_root" style="all: unset;" class="eJOY__extension_root_class">&nbsp;</div><div id="gtx-anchor" style="position: absolute; visibility: hidden; left: 8px; top: 13px; width: 226.766px; height: 17px;">&nbsp;</div><div style="visibility: visible; left: 107px; top: 40px; opacity: 1;" class="jfk-bubble gtx-bubble"><div id="bubble-2" class="jfk-bubble-content-id"><div id="gtx-host" style="min-width: 200px; max-width: 400px;">&nbsp;</div></div><div class="jfk-bubble-closebtn-id jfk-bubble-closebtn">&nbsp;</div><div style="left: 113.5px;" class="jfk-bubble-arrow-id jfk-bubble-arrow jfk-bubble-arrowup"><div class="jfk-bubble-arrowimplbefore">&nbsp;</div><div class="jfk-bubble-arrowimplafter">&nbsp;</div></div></div>', 3, 100, '2021-01-28 00:00:00', '/public/imgs/3/23/(1).jpg');
INSERT INTO products (ProID, ProName, Price, SizeS, SizeM, SizeL, SizeXL, FullDes, CatID, Quantity, Arrival, Image) VALUES (96, 'REFLECTION JACKET', 500000, 'e8JiOFgD', 'kdznAfgs', 'wuvt96GF', 'None', '<p>Chiếc jacket đặc biệt với chất liệu dù vô cùng thoáng mát và giữ form. Ngoài ra, chi tiết logo Hades trên áo được in phản quang cực kì nổi bật.</p><p>Chất liệu: Dù, in phản quang</p><p>Sản phẩm được vận chuyển từ 2-3 ngày.<br>Thiết kế và sản xuất bởi Hades Studio.</p><hr><p><strong>HADES™&nbsp;&nbsp;</strong><span style="color:#999999; font-size:10pt">✦<strong>&nbsp;&nbsp;</strong></span><span style="color:#999999; font-size:10pt">STREETWEAR BRAND LIMITED&nbsp;&nbsp;✦</span><br><span style="color:#999999; font-size:9pt">Copyright © 2021 Hades. All rights reserved.</span></p><div style="visibility: visible; left: 107px; top: 40px; opacity: 1;" class="jfk-bubble gtx-bubble"><div style="left: 113.5px;" class="jfk-bubble-arrow-id jfk-bubble-arrow jfk-bubble-arrowup"><div class="jfk-bubble-arrowimplafter">&nbsp;</div></div></div>', 3, 100, '2021-01-28 00:00:00', '/public/imgs/3/24/(1).jpg');
INSERT INTO products (ProID, ProName, Price, SizeS, SizeM, SizeL, SizeXL, FullDes, CatID, Quantity, Arrival, Image) VALUES (97, 'SCENIC SWEATER', 850000, 'LV84Wgy2', 'LIRXA7F8', 'oaWyx9kg', 'None', '<p>Sản phẩm thuộc season SPRING22 mang tính ứng dụng cao, vô cùng phù hợp để "ready-to-wear" xuống phố.&nbsp;</p><p>&nbsp;</p><p>Sản phẩm được vận chuyển từ 2-3 ngày.&nbsp;</p><p>&nbsp;</p><p>Thiết kế và sản xuất bởi Hades Studio.</p><hr><p><strong>HADES™&nbsp;&nbsp;</strong><span style="font-size:10px"><span style="color:#999999">✦<strong>&nbsp;&nbsp;</strong>STREETWEAR BRAND LIMITED&nbsp;&nbsp;✦</span></span><br><span style="color:#999999; font-size:9pt">Copyright © 2021 Hades. All rights reserved.</span></p>', 3, 100, '2021-01-28 00:00:00', '/public/imgs/3/25/(1).jpg');
INSERT INTO products (ProID, ProName, Price, SizeS, SizeM, SizeL, SizeXL, FullDes, CatID, Quantity, Arrival, Image) VALUES (98, 'SKELETON HOODIE', 300000, 'Uy9cNvAo', 'NkouvuIu', 'M2kqWuuX', 'None', '<p>Chất liệu: Nỉ, in lụa</p><p>Sản phẩm được&nbsp;vận chuyển từ 2-3 ngày.<br>Thiết kế và sản xuất bởi Hades Studio.</p><hr><p><strong>HADES™&nbsp;&nbsp;</strong>✦<strong>&nbsp;&nbsp;</strong>STREETWEAR BRAND LIMITED&nbsp;&nbsp;✦<br>Copyright © 2021 Hades. All rights reserved.</p><p>&nbsp;</p><p>&nbsp;</p><p>&nbsp;</p><p>&nbsp;</p><p>&nbsp;</p>', 3, 100, '2021-01-28 00:00:00', '/public/imgs/3/26/(1).jpg');
INSERT INTO products (ProID, ProName, Price, SizeS, SizeM, SizeL, SizeXL, FullDes, CatID, Quantity, Arrival, Image) VALUES (99, 'SOLITUDE HOODIE', 580000, '4zURWBO0', 'f9s3e8pR', '7Kx9zW65', 'None', '<p>Sản phẩm thuộc season SPRING22 mang tính ứng dụng cao, vô cùng phù hợp để "ready-to-wear" xuống phố.&nbsp;</p><p>&nbsp;</p><p>Sản phẩm được vận chuyển từ 2-3 ngày.&nbsp;</p><p>&nbsp;</p><p>Thiết kế và sản xuất bởi Hades Studio.</p><hr><p><strong>HADES™&nbsp;&nbsp;</strong><span style="font-size:10px"><span style="color:#999999">✦<strong>&nbsp;&nbsp;</strong>STREETWEAR BRAND LIMITED&nbsp;&nbsp;✦</span></span><br><span style="color:#999999; font-size:9pt">Copyright © 2021 Hades. All rights reserved.</span></p>', 3, 100, '2021-01-28 00:00:00', '/public/imgs/3/27/(1).jpg');
INSERT INTO products (ProID, ProName, Price, SizeS, SizeM, SizeL, SizeXL, FullDes, CatID, Quantity, Arrival, Image) VALUES (100, 'TRACK SUIT JACKET', 560000, '5DGg21EN', 'wMjVjjXK', 'VgJwvgA1', 'None', '<p>Chiếc áo khoác có chất liệu thoải mái và form áo cực tôn dáng người mặc, hoàn toàn ứng dụng được ở bất cứ nơi đâu</p><p>Chất liệu: Vải dù</p><p>Sản phẩm được vận chuyển từ 2-3 ngày.<br>Thiết kế và sản xuất bởi Hades Studio.</p><hr><p><strong>HADES™&nbsp;&nbsp;</strong><span style="color:#999999; font-size:10pt">✦<strong>&nbsp;&nbsp;</strong></span><span style="color:#999999; font-size:10pt">STREETWEAR BRAND LIMITED&nbsp;&nbsp;✦</span><br><span style="color:#999999; font-size:9pt">Copyright © 2021 Hades. All rights reserved.</span></p>', 3, 100, '2021-01-28 00:00:00', '/public/imgs/3/28/(1).jpg');
INSERT INTO products (ProID, ProName, Price, SizeS, SizeM, SizeL, SizeXL, FullDes, CatID, Quantity, Arrival, Image) VALUES (101, 'VIETNAM DRIF GANG JACKET', 610000, 'cewnyk6Y', 'wqnArFiI', '1vK64Lwr', 'None', '<p>&nbsp;</p><p>&nbsp;</p><p>Sản phẩm signature của Hades đều được thêu tỉ mỉ sắc sảo toàn bộ họa tiết và được sử dụng chất vải nhung nhưng với cách xử lý để tạo ra phần lót áo dù nhằm đem đến cho các bạn thoải mái và thoáng mát.&nbsp;</p><p>Chất liệu: Họa tiết thêu nổi 100% kết hợp vải nhung.</p><p>Sản phẩm được vận chuyển từ 2-3 ngày.<br>Thiết kế và sản xuất bởi Hades Studio.</p><hr><p><strong>HADES™&nbsp;&nbsp;</strong><span style="color:#999999; font-size:10pt">✦<strong>&nbsp;&nbsp;</strong></span><span style="color:#999999; font-size:10pt">STREETWEAR BRAND LIMITED&nbsp;&nbsp;✦</span><br><span style="color:#999999; font-size:9pt">Copyright © 2021 Hades. All rights reserved.</span></p>', 3, 100, '2021-01-28 00:00:00', '/public/imgs/3/29/(1).jpg');
INSERT INTO products (ProID, ProName, Price, SizeS, SizeM, SizeL, SizeXL, FullDes, CatID, Quantity, Arrival, Image) VALUES (102, 'WAFFLE FLANNEL', 370000, '35eNBOho', '7JgPTbyE', 'QW4C3Vwg', 'None', '<p>Chất liệu: Cotton caro, in lụa</p><p>Sản phẩm được vận chuyển từ 2-3 ngày.<br>Thiết kế và sản xuất bởi Hades Studio.</p><hr><p><strong>HADES™&nbsp;&nbsp;</strong>✦<strong>&nbsp;&nbsp;</strong>STREETWEAR BRAND LIMITED&nbsp;&nbsp;✦<br>Copyright © 2021 Hades. All rights reserved.</p><div style="visibility: visible; left: 107px; top: 40px; opacity: 1;" class="jfk-bubble gtx-bubble"><div style="left: 113.5px;" class="jfk-bubble-arrow-id jfk-bubble-arrow jfk-bubble-arrowup"><div class="jfk-bubble-arrowimplafter">&nbsp;</div></div></div>', 3, 100, '2021-01-28 00:00:00', '/public/imgs/3/30/(1).jpg');
INSERT INTO products (ProID, ProName, Price, SizeS, SizeM, SizeL, SizeXL, FullDes, CatID, Quantity, Arrival, Image) VALUES (103, 'LOGO SOCKS', 81000, 'None', 'None', 'None', 'None', '<p>Là một phụ kiện gắn liền với sự năng động trẻ trung kết hợp với thiết kế đơn giản nhưng không kém phần độc đáo.</p><p>Sản phẩm được vận chuyển từ 2-3 ngày.<br>Thiết kế và sản xuất bởi Hades Studio.</p><hr><p><strong>HADES™&nbsp;&nbsp;</strong><span style="color:#999999; font-size:10pt">✦<strong>&nbsp;&nbsp;</strong></span><span style="color:#999999; font-size:10pt">STREETWEAR BRAND LIMITED&nbsp;&nbsp;✦</span><br><span style="color:#999999; font-size:9pt">Copyright © 2021 Hades. All rights reserved.</span></p>', 4, 100, '2021-01-28 00:00:00', '/public/imgs/4/1/(1).jpg');
INSERT INTO products (ProID, ProName, Price, SizeS, SizeM, SizeL, SizeXL, FullDes, CatID, Quantity, Arrival, Image) VALUES (104, 'DOCKER WASH HAT', 220000, 'None', 'jAZuiDt1', 'None', 'None', '<p>Sản phẩm được chú trọng sắc xảo từ đường kim mũi chỉ, form nón và phần vải được nhuộm và xử lí wash cầu kỳ và lạ mắt.</p><p>Chất liệu: Nhung tăm</p><p>Sản phẩm được&nbsp;vận chuyển từ 2-3 ngày.<br>Thiết kế và sản xuất bởi Hades Studio.</p><hr><p><strong>HADES™&nbsp;&nbsp;</strong>✦<strong>&nbsp;&nbsp;</strong>STREETWEAR BRAND LIMITED&nbsp;&nbsp;✦<br>Copyright © 2021 Hades. All rights reserved.</p>', 5, 100, '2021-01-28 00:00:00', '/public/imgs/5/1/(1).jpg');
INSERT INTO products (ProID, ProName, Price, SizeS, SizeM, SizeL, SizeXL, FullDes, CatID, Quantity, Arrival, Image) VALUES (105, 'EMOJI CAP', 200000, 'None', 'iu8CUqQw', 'None', 'None', '<p>Sản phẩm được chú trọng sắc xảo từ đường kim mũi chỉ, form nón, cho đến các chi tiết hình in biểu tượng cảm xúc độc đáo trên nón.</p><p>Chất liệu : kaki , thêu</p><p>Sản phẩm được&nbsp;vận chuyển từ 2-3 ngày.</p><p>Thiết kế và sản xuất bởi Hades Studio.</p><hr><p><strong>HADES™&nbsp;&nbsp;</strong><span style="color:#999999; font-size:10pt">✦<strong>&nbsp;&nbsp;</strong></span><span style="color:#999999; font-size:10pt">STREETWEAR BRAND LIMITED&nbsp;&nbsp;✦</span><br><span style="color:#999999; font-size:9pt">Copyright © 2021 Hades. All rights reserved.</span></p><div id="eJOY__extension_root" style="all: unset;" class="eJOY__extension_root_class">&nbsp;</div><div id="gtx-anchor" style="position: absolute; visibility: hidden; left: 8px; top: 13px; width: 226.766px; height: 17px;">&nbsp;</div><div style="visibility: visible; left: 107px; top: 40px; opacity: 1;" class="jfk-bubble gtx-bubble"><div id="bubble-2" class="jfk-bubble-content-id"><div id="gtx-host" style="min-width: 200px; max-width: 400px;">&nbsp;</div></div><div class="jfk-bubble-closebtn-id jfk-bubble-closebtn">&nbsp;</div><div style="left: 113.5px;" class="jfk-bubble-arrow-id jfk-bubble-arrow jfk-bubble-arrowup"><div class="jfk-bubble-arrowimplbefore">&nbsp;</div><div class="jfk-bubble-arrowimplafter">&nbsp;</div></div></div>', 5, 100, '2021-01-28 00:00:00', '/public/imgs/5/2/(1).jpg');
INSERT INTO products (ProID, ProName, Price, SizeS, SizeM, SizeL, SizeXL, FullDes, CatID, Quantity, Arrival, Image) VALUES (106, 'HADES PATTERN BASEBALL CAP', 220000, 'None', 'None', 'None', 'None', '<p>&nbsp;</p><p>Sản phẩm được chú trọng sắc xảo từ đường kim mũi chỉ, form nón, cho đến các họa tiết được in chi tiết đối xưng trên nón.</p><p>Chất liệu : Kaki, thêu</p><p>Sản phẩm được vận chuyển từ 2-3 ngày.</p><p>Thiết kế và sản xuất bởi Hades Studio.</p><hr><p><strong>HADES™&nbsp;&nbsp;</strong><span style="color:#999999; font-size:10pt">✦<strong>&nbsp;&nbsp;</strong></span><span style="color:#999999; font-size:10pt">STREETWEAR BRAND LIMITED&nbsp;&nbsp;✦</span><br><span style="color:#999999; font-size:9pt">Copyright © 2021 Hades. All rights reserved.</span></p><div id="eJOY__extension_root" style="all: unset;" class="eJOY__extension_root_class">&nbsp;</div><div id="gtx-anchor" style="position: absolute; visibility: hidden; left: 8px; top: 13px; width: 226.766px; height: 17px;">&nbsp;</div><div style="visibility: visible; left: 107px; top: 40px; opacity: 1;" class="jfk-bubble gtx-bubble"><div id="bubble-2" class="jfk-bubble-content-id"><div id="gtx-host" style="min-width: 200px; max-width: 400px;">&nbsp;</div></div><div class="jfk-bubble-closebtn-id jfk-bubble-closebtn">&nbsp;</div><div style="left: 113.5px;" class="jfk-bubble-arrow-id jfk-bubble-arrow jfk-bubble-arrowup"><div class="jfk-bubble-arrowimplbefore">&nbsp;</div><div class="jfk-bubble-arrowimplafter">&nbsp;</div></div></div>', 5, 100, '2021-01-28 00:00:00', '/public/imgs/5/3/(1).jpg');
INSERT INTO products (ProID, ProName, Price, SizeS, SizeM, SizeL, SizeXL, FullDes, CatID, Quantity, Arrival, Image) VALUES (107, 'Logo Cap', 200000, 'None', 'None', 'None', 'None', '<p>Chất liệu: Kaki, thêu</p><p>Sản phẩm được&nbsp;vận chuyển từ 2-3 ngày.<br>Thiết kế và sản xuất bởi Hades Studio.</p><hr><p><strong>HADES™&nbsp;&nbsp;</strong>✦<strong>&nbsp;&nbsp;</strong>STREETWEAR BRAND LIMITED&nbsp;&nbsp;✦<br>Copyright © 2021 Hades. All rights reserved.</p><p>&nbsp;</p><p>&nbsp;</p><p>&nbsp;</p>', 5, 100, '2021-01-28 00:00:00', '/public/imgs/5/4/(1).jpg');
INSERT INTO products (ProID, ProName, Price, SizeS, SizeM, SizeL, SizeXL, FullDes, CatID, Quantity, Arrival, Image) VALUES (108, 'ORGANIC WASHED GREY BACKPACK', 490000, 'None', 'f3AW5E7r', 'None', 'None', '<p>Chiếc ba lô đa năng với thiết kế mang tính ứng dụng cao, ngăn chứa đồ rộng rãi. Chất liệu được xử lý đặc biệt cũng là một điểm nhấn mà Hades luôn chú trọng.</p><p>Chất liệu: Jean Wash -&nbsp;Ngăn chống sốc laptop 15.6 inch</p><p>Sản phẩm được vận chuyển từ 2-3 ngày.<br>Thiết kế và sản xuất bởi Hades Studio.</p><hr><p><strong>HADES™&nbsp;&nbsp;</strong><span style="color:#999999; font-size:10pt">✦<strong>&nbsp;&nbsp;</strong></span><span style="color:#999999; font-size:10pt">STREETWEAR BRAND LIMITED&nbsp;&nbsp;✦</span><br><span style="color:#999999; font-size:9pt">Copyright © 2021 Hades. All rights reserved.</span></p>', 6, 100, '2021-01-28 00:00:00', '/public/imgs/6/1/(1).jpg');
INSERT INTO products (ProID, ProName, Price, SizeS, SizeM, SizeL, SizeXL, FullDes, CatID, Quantity, Arrival, Image) VALUES (109, 'SOUL TOTE', 190000, 'None', 'None', 'None', 'None', '<p>Chất liệu: Canvas, in lụa</p><p>Sản phẩm được&nbsp;vận chuyển từ 2-3 ngày.<br>Thiết kế và sản xuất bởi Hades Studio.</p><hr><p><strong>HADES™&nbsp;&nbsp;</strong>✦<strong>&nbsp;&nbsp;</strong>STREETWEAR BRAND LIMITED&nbsp;&nbsp;✦<br>Copyright © 2021 Hades. All rights reserved.</p><p>&nbsp;</p><p>&nbsp;</p><p>&nbsp;</p>', 6, 100, '2021-01-28 00:00:00', '/public/imgs/6/2/(1).jpg');
INSERT INTO products (ProID, ProName, Price, SizeS, SizeM, SizeL, SizeXL, FullDes, CatID, Quantity, Arrival, Image) VALUES (110, 'SS3 BACKPACK', 480000, 'None', 'None', 'None', 'None', '<p>Thiết kế pattern bảng chữ cái và logo Hades đặc trưng được in vô cùng nổi bật. Trên nền chất liệu simili chống thấm cùng nhiều ngăn chứa đồ rộng, chiếc ba lô sẽ là một sản phẩm cần thiết.</p><p>Chất liệu: Silimi,&nbsp;In pattern</p><p>Sản phẩm được vận chuyển từ 2-3 ngày.<br>Thiết kế và sản xuất bởi Hades Studio.</p><hr><p><strong>HADES™&nbsp;&nbsp;</strong><span style="color:#999999; font-size:10pt">✦<strong>&nbsp;&nbsp;</strong></span><span style="color:#999999; font-size:10pt">STREETWEAR BRAND LIMITED&nbsp;&nbsp;✦</span><br><span style="color:#999999; font-size:9pt">Copyright © 2021 Hades. All rights reserved.</span></p><div id="eJOY__extension_root" style="all: unset;" class="eJOY__extension_root_class">&nbsp;</div><div id="gtx-anchor" style="position: absolute; visibility: hidden; left: 8px; top: 13px; width: 226.766px; height: 17px;">&nbsp;</div><div style="visibility: visible; left: 107px; top: 40px; opacity: 1;" class="jfk-bubble gtx-bubble"><div id="bubble-2" class="jfk-bubble-content-id"><div id="gtx-host" style="min-width: 200px; max-width: 400px;">&nbsp;</div></div><div class="jfk-bubble-closebtn-id jfk-bubble-closebtn">&nbsp;</div><div style="left: 113.5px;" class="jfk-bubble-arrow-id jfk-bubble-arrow jfk-bubble-arrowup"><div class="jfk-bubble-arrowimplbefore">&nbsp;</div><div class="jfk-bubble-arrowimplafter">&nbsp;</div></div></div>', 6, 100, '2021-01-28 00:00:00', '/public/imgs/6/3/(1).jpg');
COMMIT;